GAME_DATE,PLAYER_KEY,PLAYER_NAME,TEAM_ABBREVIATION,OPPONENT_ABBREVIATION,OPPONENT,MATCHUP,GAME_ID,SIM_RUNS,ACTIVE_PROB,INJURY_STATUS,CONFIDENCE_LABEL,MODEL_CONFIDENCE,MIN_PROJ,PRED_MIN,SIM_MIN_P10,SIM_MIN_P50,SIM_MIN_P90,SIM_MIN_STD,PTS_PROJ,PRED_PTS,SIM_PTS_P10,SIM_PTS_P50,SIM_PTS_P90,SIM_PTS_STD,REB_PROJ,PRED_REB,SIM_REB_P10,SIM_REB_P50,SIM_REB_P90,SIM_REB_STD,AST_PROJ,PRED_AST,SIM_AST_P10,SIM_AST_P50,SIM_AST_P90,SIM_AST_STD,FG3M_PROJ,PRED_FG3M,SIM_FG3M_P10,SIM_FG3M_P50,SIM_FG3M_P90,SIM_FG3M_STD,STL_PROJ,PRED_STL,SIM_STL_P10,SIM_STL_P50,SIM_STL_P90,SIM_STL_STD,BLK_PROJ,PRED_BLK,SIM_BLK_P10,SIM_BLK_P50,SIM_BLK_P90,SIM_BLK_STD,PRA_PROJ,SIM_PRA_P10,SIM_PRA_P50,SIM_PRA_P90,SIM_PRA_STD,PR_PROJ,SIM_PR_P10,SIM_PR_P50,SIM_PR_P90,SIM_PR_STD,PA_PROJ,SIM_PA_P10,SIM_PA_P50,SIM_PA_P90,SIM_PA_STD,RA_PROJ,SIM_RA_P10,SIM_RA_P50,SIM_RA_P90,SIM_RA_STD,SB_PROJ,SIM_SB_P10,SIM_SB_P50,SIM_SB_P90,SIM_SB_STD,player_name,player_key,team,opponent,matchup,game_date,game_id,projected_minutes,pts_proj,pts_median,reb_proj,reb_median,ast_proj,ast_median,fg3m_proj,fg3m_median,stl_proj,stl_median,blk_proj,blk_median,pts_floor,pts_ceiling,pts_std,reb_floor,reb_ceiling,reb_std,ast_floor,ast_ceiling,ast_std,fg3m_floor,fg3m_ceiling,fg3m_std,stl_floor,stl_ceiling,stl_std,blk_floor,blk_ceiling,blk_std,confidence
2026-08-02,alanna smith,Alanna Smith,DAL,CON,CON,DAL vs CON,,10000,,UNKNOWN,Medium,MEDIUM,10.41,9.82,3.59,10.16,17.47,5.32,6.08,,1.47,5.05,11.99,4.45,3.04,,0.72,2.53,6.01,2.24,0.89,,0.0,1.0,2.0,1.05,0.8,,0.0,1.0,2.0,0.98,0.62,,0.0,0.0,2.0,0.85,0.3,,0.0,0.0,1.0,0.57,5.12,1.46,4.58,9.5,3.21,4.88,1.4,4.34,9.08,3.12,3.26,0.81,2.79,6.31,2.27,3.92,0.86,3.39,7.58,2.75,0.92,0.0,1.0,2.0,1.07,Alanna Smith,alanna smith,DAL,CON,DAL vs CON,2026-08-02,,9.82,,,,,,,,,,,,,,,,,,,,,,,,,,,,,,,medium
2026-08-02,alissa pili,Alissa Pili,LAS,POR,POR,LAS @ POR,,10000,,UNKNOWN,Medium,MEDIUM,8.26,8.0,3.46,8.15,13.14,3.72,1.99,,0.03,0.82,5.34,3.12,1.03,,0.01,0.32,2.89,1.83,0.25,,0.0,0.0,1.0,0.74,0.08,,0.0,0.0,0.0,0.29,0.09,,0.0,0.0,0.0,0.3,0.13,,0.0,0.0,1.0,0.36,9.8,0.68,5.99,23.65,11.55,9.06,0.59,5.25,22.23,11.26,6.71,0.12,3.34,17.38,9.69,1.28,0.01,0.52,3.43,1.99,0.21,0.0,0.0,1.0,0.47,Alissa Pili,alissa pili,LAS,POR,LAS @ POR,2026-08-02,,8.0,,,,,,,,,,,,,,,,,,,,,,,,,,,,,,,medium
2026-08-02,aliyah boston,Aliyah Boston,IND,MIN,MIN,IND @ MIN,,10000,0.85,DAY-TO-DAY,Low,LOW,17.89,18.78,6.3,17.67,29.78,8.71,14.68,,5.12,14.25,24.71,7.41,6.59,,2.25,6.36,11.15,3.41,2.22,,0.0,2.0,5.0,1.87,1.24,,0.0,1.0,3.0,1.29,1.1,,0.0,1.0,3.0,1.24,0.92,,0.0,1.0,2.0,1.06,15.82,5.51,15.48,26.67,7.95,14.58,5.07,14.21,24.52,7.3,10.92,3.77,10.62,18.41,5.55,8.81,2.83,8.46,15.2,4.7,2.02,0.0,2.0,4.0,1.77,Aliyah Boston,aliyah boston,IND,MIN,IND @ MIN,2026-08-02,,18.78,,,,,,,,,,,,,,,,,,,,,,,,,,,,,,,low
2026-08-02,alysha clark,Alysha Clark,DAL,CON,CON,DAL vs CON,,10000,,UNKNOWN,Medium,MEDIUM,8.74,8.0,2.78,8.44,15.01,4.63,2.4,,0.01,0.62,6.76,4.57,0.82,,0.06,0.49,1.98,0.98,0.68,,0.0,0.0,2.0,0.91,0.4,,0.0,0.0,1.0,0.96,0.23,,0.0,0.0,1.0,0.49,0.13,,0.0,0.0,0.0,0.49,5.1,0.43,3.11,11.72,6.45,4.51,0.33,2.26,11.13,6.59,3.64,0.03,1.77,9.13,5.59,1.5,0.1,1.16,3.39,1.46,0.36,0.0,0.0,1.0,0.7,Alysha Clark,alysha clark,DAL,CON,DAL vs CON,2026-08-02,,8.0,,,,,,,,,,,,,,,,,,,,,,,,,,,,,,,medium
2026-08-02,anastasiia olairi kosu,Anastasiia Olairi Kosu,MIN,IND,IND,MIN vs IND,,10000,,UNKNOWN,Medium,MEDIUM,10.88,10.59,4.5,10.73,17.34,4.93,3.21,,0.27,1.98,7.62,3.71,1.76,,0.14,1.06,4.29,2.11,0.75,,0.0,0.0,2.0,1.38,0.13,,0.0,0.0,1.0,0.36,0.45,,0.0,0.0,1.0,0.95,0.15,,0.0,0.0,1.0,0.39,9.79,1.96,7.52,20.11,8.39,9.29,1.69,6.91,19.84,8.49,6.31,0.67,4.37,14.25,6.55,2.51,0.21,1.74,5.84,2.62,0.6,0.0,0.0,2.0,1.05,Anastasiia Olairi Kosu,anastasiia olairi kosu,MIN,IND,MIN vs IND,2026-08-02,,10.59,,,,,,,,,,,,,,,,,,,,,,,,,,,,,,,medium
2026-08-02,antonia delaere,Antonia Delaere,MIN,IND,IND,MIN vs IND,,10000,,UNKNOWN,Medium,MEDIUM,12.09,10.98,3.83,11.73,20.64,6.37,5.75,,1.22,4.63,11.74,4.54,1.77,,0.51,1.6,3.28,1.1,1.02,,0.0,1.0,3.0,1.15,1.21,,0.0,1.0,3.0,1.26,0.56,,0.0,0.0,2.0,0.81,0.14,,0.0,0.0,1.0,0.38,5.21,1.35,4.57,9.81,3.5,4.53,1.17,3.88,8.68,3.14,4.08,0.9,3.42,8.06,3.02,2.79,0.62,2.48,5.4,1.89,0.7,0.0,0.0,2.0,0.91,Antonia Delaere,antonia delaere,MIN,IND,MIN vs IND,2026-08-02,,10.98,,,,,,,,,,,,,,,,,,,,,,,,,,,,,,,medium
2026-08-02,ariel atkins,Ariel Atkins,LAS,POR,POR,LAS @ POR,,10000,,UNKNOWN,Medium,MEDIUM,28.57,28.99,22.11,28.64,35.11,5.01,11.95,,7.6,11.54,16.77,3.68,3.78,,2.61,3.7,5.04,0.96,3.17,,1.0,3.0,6.0,1.89,1.52,,0.0,1.0,3.0,1.27,1.44,,0.0,1.0,3.0,1.23,0.46,,0.0,0.0,1.0,0.7,17.03,11.55,16.71,22.83,4.45,14.79,10.08,14.44,19.91,3.94,13.33,8.54,13.0,18.52,3.91,6.94,4.13,6.75,10.04,2.31,1.9,0.0,2.0,4.0,1.44,Ariel Atkins,ariel atkins,LAS,POR,LAS @ POR,2026-08-02,,28.99,,,,,,,,,,,,,,,,,,,,,,,,,,,,,,,medium
2026-08-02,arike ogunbowale,Arike Ogunbowale,DAL,CON,CON,DAL vs CON,,10000,,UNKNOWN,Medium,MEDIUM,32.53,33.49,27.28,32.76,37.58,3.95,16.07,,6.97,14.56,27.16,8.32,3.84,,1.84,3.56,6.17,1.77,3.32,,0.0,3.0,7.0,2.66,1.65,,0.0,1.0,3.0,1.31,1.02,,0.0,1.0,3.0,1.21,0.33,,0.0,0.0,1.0,0.58,24.14,13.37,22.7,36.98,9.58,19.47,10.15,18.02,30.74,8.43,20.45,10.08,18.91,32.97,9.35,7.16,3.42,6.68,11.49,3.27,1.36,0.0,1.0,3.0,1.34,Arike Ogunbowale,arike ogunbowale,DAL,CON,DAL vs CON,2026-08-02,,33.49,,,,,,,,,,,,,,,,,,,,,,,,,,,,,,,medium
2026-08-02,ashlon jackson,Ashlon Jackson,CON,DAL,DAL,CON @ DAL,,10000,,UNKNOWN,High,HIGH,8.05,8.0,4.83,8.03,11.28,2.49,0.98,,0.57,0.97,1.41,0.33,0.6,,0.35,0.59,0.86,0.2,0.3,,0.0,0.0,1.0,0.55,0.19,,0.0,0.0,1.0,0.44,0.72,,0.0,1.0,2.0,0.88,0.09,,0.0,0.0,0.0,0.3,2.33,1.22,2.18,3.66,0.99,1.51,0.89,1.5,2.15,0.49,1.92,0.92,1.68,3.22,0.95,0.9,0.37,0.66,1.74,0.61,0.81,0.0,1.0,2.0,0.94,Ashlon Jackson,ashlon jackson,CON,DAL,CON @ DAL,2026-08-02,,8.0,,,,,,,,,,,,,,,,,,,,,,,,,,,,,,,high
2026-08-02,ashten prechtel,Ashten Prechtel,GSV,TOR,TOR,GSV vs TOR,,10000,,UNKNOWN,Low,LOW,11.03,8.0,2.56,10.2,20.55,6.95,3.34,,0.43,2.31,7.56,3.33,1.56,,0.0,0.39,4.3,3.23,0.54,,0.0,0.0,2.0,0.83,0.4,,0.0,0.0,1.0,0.69,0.11,,0.0,0.0,1.0,0.34,0.11,,0.0,0.0,0.0,0.43,8.29,1.1,5.98,18.27,8.09,6.71,0.87,4.66,14.91,6.92,6.11,0.75,4.49,13.5,5.75,2.11,0.01,1.06,5.2,3.44,0.22,0.0,0.0,1.0,0.55,Ashten Prechtel,ashten prechtel,GSV,TOR,GSV vs TOR,2026-08-02,,8.0,,,,,,,,,,,,,,,,,,,,,,,,,,,,,,,low
2026-08-02,awak kuier,Awak Kuier,DAL,CON,CON,DAL vs CON,,10000,,UNKNOWN,Low,LOW,16.55,16.37,8.01,16.46,24.96,6.53,2.57,,0.04,1.11,6.93,3.9,2.14,,0.01,0.65,6.04,3.82,0.52,,0.0,0.0,1.0,2.39,0.35,,0.0,0.0,1.0,1.14,0.16,,0.0,0.0,1.0,0.48,0.76,,0.0,0.0,2.0,1.47,15.52,1.1,9.36,37.33,18.23,14.01,0.98,8.36,34.31,16.67,9.28,0.16,4.21,24.53,13.75,2.66,0.01,0.93,7.38,4.56,0.92,0.0,0.0,3.0,1.56,Awak Kuier,awak kuier,DAL,CON,DAL vs CON,2026-08-02,,16.37,,,,,,,,,,,,,,,,,,,,,,,,,,,,,,,low
2026-08-02,aziaha james,Aziaha James,DAL,CON,CON,DAL vs CON,,10000,,UNKNOWN,Medium,MEDIUM,8.75,8.67,5.0,8.77,12.49,2.91,1.8,,0.11,1.05,4.41,2.17,1.21,,0.11,0.77,2.88,1.33,0.27,,0.0,0.0,1.0,0.53,0.11,,0.0,0.0,0.0,0.33,0.16,,0.0,0.0,0.0,0.66,0.14,,0.0,0.0,0.0,0.66,7.56,1.51,5.97,15.39,6.34,6.71,1.26,5.12,13.91,5.94,4.98,0.37,3.37,11.46,5.41,1.48,0.14,1.1,3.35,1.47,0.3,0.0,0.0,1.0,0.94,Aziaha James,aziaha james,DAL,CON,DAL vs CON,2026-08-02,,8.67,,,,,,,,,,,,,,,,,,,,,,,,,,,,,,,medium
2026-08-02,azzi fudd,Azzi Fudd,DAL,CON,CON,DAL vs CON,,10000,,UNKNOWN,Medium,MEDIUM,32.95,33.45,28.48,33.08,37.35,3.39,13.86,,7.92,13.23,20.62,5.04,2.63,,0.94,2.34,4.7,1.52,2.44,,1.0,2.0,5.0,1.62,2.32,,0.0,2.0,4.0,1.56,1.44,,0.0,1.0,3.0,1.28,0.43,,0.0,0.0,1.0,0.65,18.78,11.97,18.21,26.19,5.67,15.74,9.66,15.15,22.46,5.13,16.3,9.89,15.66,23.36,5.38,5.08,2.39,4.82,8.1,2.27,1.87,0.0,2.0,4.0,1.45,Azzi Fudd,azzi fudd,DAL,CON,DAL vs CON,2026-08-02,,33.45,,,,,,,,,,,,,,,,,,,,,,,,,,,,,,,medium
2026-08-02,bree hall,Bree Hall,IND,MIN,MIN,IND @ MIN,,10000,,UNKNOWN,Medium,MEDIUM,8.63,8.0,2.72,8.4,14.65,4.55,3.03,,0.46,2.21,6.55,2.86,1.14,,0.35,1.09,1.97,0.62,0.24,,0.0,0.0,1.0,0.5,0.57,,0.0,0.0,2.0,0.81,0.13,,0.0,0.0,1.0,0.36,0.09,,0.0,0.0,0.0,0.29,3.8,0.9,3.19,7.37,2.84,2.75,0.68,2.28,5.3,2.04,3.34,0.51,2.53,7.04,3.02,1.38,0.36,1.23,2.57,0.89,0.22,0.0,0.0,1.0,0.47,Bree Hall,bree hall,IND,MIN,IND @ MIN,2026-08-02,,8.0,,,,,,,,,,,,,,,,,,,,,,,,,,,,,,,medium
2026-08-02,bridget carleton,Bridget Carleton,POR,LAS,LAS,POR vs LAS,,10000,,UNKNOWN,Low,LOW,30.76,33.09,23.14,31.34,37.75,5.6,15.18,,9.1,14.66,21.75,5.02,4.54,,2.36,4.27,7.06,1.89,3.19,,1.0,3.0,6.0,1.9,2.74,,1.0,3.0,5.0,1.77,1.47,,0.0,1.0,3.0,1.25,0.49,,0.0,0.0,2.0,0.87,21.28,13.87,20.93,29.05,5.99,16.92,10.87,16.54,23.46,4.97,17.91,11.2,17.53,25.12,5.52,7.73,4.28,7.48,11.55,2.87,1.97,0.0,2.0,4.0,1.55,Bridget Carleton,bridget carleton,POR,LAS,POR vs LAS,2026-08-02,,33.09,,,,,,,,,,,,,,,,,,,,,,,,,,,,,,,low
2026-08-02,caitlin clark,Caitlin Clark,IND,MIN,MIN,IND @ MIN,,10000,0.85,DAY-TO-DAY,Low,LOW,25.08,29.07,13.88,25.71,35.57,8.17,19.1,,4.66,15.65,37.72,14.44,3.67,,1.39,3.32,6.35,2.06,6.48,,2.0,6.0,11.0,3.41,2.54,,0.0,2.0,6.0,2.28,0.95,,0.0,1.0,3.0,1.22,0.53,,0.0,0.0,2.0,0.75,24.85,9.98,22.34,43.0,13.96,18.39,5.84,15.69,34.36,12.32,22.07,8.05,19.31,39.67,13.46,10.15,4.45,9.86,16.19,4.59,1.48,0.0,1.0,3.0,1.46,Caitlin Clark,caitlin clark,IND,MIN,IND @ MIN,2026-08-02,,29.07,,,,,,,,,,,,,,,,,,,,,,,,,,,,,,,low
2026-08-02,cameron brink,Cameron Brink,LAS,POR,POR,LAS @ POR,,10000,,UNKNOWN,Medium,MEDIUM,16.74,16.58,7.97,16.6,25.52,6.73,8.53,,3.95,8.29,13.37,3.68,4.32,,1.08,3.52,8.51,3.27,1.0,,0.0,1.0,3.0,1.18,0.88,,0.0,1.0,2.0,1.01,0.64,,0.0,0.0,2.0,0.85,1.07,,0.0,1.0,3.0,1.12,13.91,6.07,13.27,22.52,6.51,14.44,6.4,13.78,23.2,6.75,8.72,3.94,8.44,13.76,3.85,5.32,1.47,4.57,10.11,3.66,1.71,0.0,1.0,4.0,1.48,Cameron Brink,cameron brink,LAS,POR,LAS @ POR,2026-08-02,,16.58,,,,,,,,,,,,,,,,,,,,,,,,,,,,,,,medium
2026-08-02,carla leite,Carla Leite,POR,LAS,LAS,POR vs LAS,,10000,,UNKNOWN,Low,LOW,27.82,29.88,18.32,28.41,36.64,6.94,18.29,,10.5,17.8,26.79,6.38,3.21,,1.23,2.86,5.6,1.83,6.53,,3.0,6.0,11.0,3.11,1.23,,0.0,1.0,3.0,1.16,1.01,,0.0,1.0,2.0,1.05,0.28,,0.0,0.0,1.0,0.53,26.23,15.77,25.99,37.11,8.35,18.88,11.09,18.49,27.31,6.32,23.67,14.02,23.4,33.85,7.75,9.74,4.86,9.46,15.01,3.94,1.29,0.0,1.0,3.0,1.19,Carla Leite,carla leite,POR,LAS,POR vs LAS,2026-08-02,,29.88,,,,,,,,,,,,,,,,,,,,,,,,,,,,,,,low
2026-08-02,cecilia zandalasini,Cecilia Zandalasini,GSV,TOR,TOR,GSV vs TOR,,10000,,UNKNOWN,Medium,MEDIUM,17.68,17.71,13.42,17.67,22.0,3.36,8.34,,5.17,8.04,11.87,2.71,2.45,,1.78,2.42,3.16,0.54,1.8,,0.0,2.0,4.0,1.39,1.03,,0.0,1.0,2.0,1.04,0.73,,0.0,1.0,2.0,0.87,0.18,,0.0,0.0,1.0,0.43,9.0,5.93,8.78,12.3,2.55,7.46,4.96,7.25,10.18,2.09,7.27,4.46,7.03,10.26,2.33,4.25,2.3,4.09,6.4,1.6,0.91,0.0,1.0,2.0,0.98,Cecilia Zandalasini,cecilia zandalasini,GSV,TOR,GSV vs TOR,2026-08-02,,17.71,,,,,,,,,,,,,,,,,,,,,,,,,,,,,,,medium
2026-08-02,chance gray,Chance Gray,LAS,POR,POR,LAS @ POR,,10000,,UNKNOWN,Medium,MEDIUM,10.0,9.8,4.3,9.89,15.82,4.45,4.13,,1.23,3.56,7.79,2.76,1.33,,0.3,1.05,2.71,1.07,1.11,,0.0,0.0,3.0,1.83,0.62,,0.0,0.0,2.0,0.85,0.37,,0.0,0.0,1.0,0.63,0.12,,0.0,0.0,1.0,0.35,5.32,1.7,4.74,9.71,3.3,5.39,1.78,4.81,9.72,3.27,3.69,1.04,3.18,7.0,2.53,2.44,0.4,1.83,5.2,2.25,0.49,0.0,0.0,1.0,0.73,Chance Gray,chance gray,LAS,POR,LAS @ POR,2026-08-02,,9.8,,,,,,,,,,,,,,,,,,,,,,,,,,,,,,,medium
2026-08-02,charlisse leger-walker,Charlisse Leger-Walker,CON,DAL,DAL,CON @ DAL,,10000,,UNKNOWN,Medium,MEDIUM,25.5,25.58,21.72,25.49,29.27,2.95,10.26,,5.6,9.63,15.74,4.1,4.06,,2.75,3.94,5.51,1.09,5.4,,2.0,5.0,9.0,2.46,1.14,,0.0,1.0,3.0,1.09,1.44,,0.0,1.0,3.0,1.22,0.33,,0.0,0.0,1.0,0.58,16.38,11.14,16.0,22.12,4.36,11.26,7.24,10.78,15.85,3.46,13.16,8.26,12.75,18.65,4.14,9.45,6.0,9.25,13.17,2.8,1.76,0.0,2.0,4.0,1.35,Charlisse Leger-Walker,charlisse leger-walker,CON,DAL,CON @ DAL,2026-08-02,,25.58,,,,,,,,,,,,,,,,,,,,,,,,,,,,,,,medium
2026-08-02,costanza verona,Costanza Verona,DAL,CON,CON,DAL vs CON,,10000,,UNKNOWN,Medium,MEDIUM,8.1,8.0,4.34,8.04,11.96,2.96,1.99,,0.22,1.33,4.59,2.09,0.11,,0.0,0.05,0.28,0.17,0.98,,0.0,1.0,2.0,1.06,0.08,,0.0,0.0,0.0,0.28,0.08,,0.0,0.0,0.0,0.29,0.08,,0.0,0.0,0.0,0.28,9.25,1.7,7.49,18.66,7.41,6.3,0.86,4.32,14.14,6.34,8.93,1.44,7.17,18.25,7.33,1.09,0.01,1.02,2.39,1.08,0.16,0.0,0.0,1.0,0.41,Costanza Verona,costanza verona,DAL,CON,DAL vs CON,2026-08-02,,8.0,,,,,,,,,,,,,,,,,,,,,,,,,,,,,,,medium
2026-08-02,courtney williams,Courtney Williams,MIN,IND,IND,MIN vs IND,,10000,,UNKNOWN,Low,LOW,22.02,22.01,13.83,22.0,30.24,6.36,11.39,,3.68,9.7,21.44,7.57,4.19,,0.81,3.18,8.96,3.64,3.88,,1.0,4.0,7.0,2.34,1.11,,0.0,1.0,3.0,1.1,0.95,,0.0,1.0,2.0,1.06,0.21,,0.0,0.0,1.0,0.47,19.43,8.72,17.67,32.45,9.87,17.43,6.93,15.32,30.53,10.07,14.51,5.98,12.96,25.08,7.98,8.07,3.02,7.22,14.09,4.7,1.16,0.0,1.0,3.0,1.17,Courtney Williams,courtney williams,MIN,IND,MIN vs IND,2026-08-02,,22.01,,,,,,,,,,,,,,,,,,,,,,,,,,,,,,,low
2026-08-02,dearica hamby,Dearica Hamby,LAS,POR,POR,LAS @ POR,,10000,,UNKNOWN,Medium,MEDIUM,29.03,29.23,24.23,29.04,33.86,3.74,16.53,,12.45,16.24,20.87,3.34,7.04,,4.38,6.8,10.05,2.23,2.88,,1.0,3.0,5.0,1.75,0.3,,0.0,0.0,1.0,0.54,1.59,,0.0,1.0,3.0,1.36,0.66,,0.0,0.0,2.0,0.85,24.5,18.56,24.16,30.84,4.78,22.33,17.02,22.04,28.04,4.32,17.64,13.15,17.39,22.45,3.66,9.92,6.25,9.67,13.9,2.98,2.25,0.0,2.0,4.0,1.62,Dearica Hamby,dearica hamby,LAS,POR,LAS @ POR,2026-08-02,,29.23,,,,,,,,,,,,,,,,,,,,,,,,,,,,,,,medium
2026-08-02,diamond miller,Diamond Miller,CON,DAL,DAL,CON @ DAL,,10000,,UNKNOWN,Medium,MEDIUM,25.79,25.89,20.36,25.78,31.23,4.24,12.43,,7.18,11.83,18.5,4.53,4.0,,1.84,3.68,6.58,1.92,2.09,,0.0,2.0,4.0,1.66,1.58,,0.0,1.0,4.0,1.49,1.09,,0.0,1.0,3.0,1.06,0.46,,0.0,0.0,1.0,0.68,15.92,10.11,15.4,22.4,4.85,13.22,8.34,12.75,18.76,4.2,12.82,7.59,12.33,18.59,4.39,6.09,2.98,5.75,9.68,2.63,1.55,0.0,1.0,3.0,1.27,Diamond Miller,diamond miller,CON,DAL,CON @ DAL,2026-08-02,,25.89,,,,,,,,,,,,,,,,,,,,,,,,,,,,,,,medium
2026-08-02,dorka juhasz,Dorka Juhasz,MIN,IND,IND,MIN vs IND,,10000,,UNKNOWN,Medium,MEDIUM,14.12,14.09,9.6,14.13,18.61,3.51,6.42,,1.39,5.07,13.17,5.19,3.72,,1.76,3.42,6.07,1.76,2.08,,0.0,2.0,4.0,1.7,0.99,,0.0,0.0,3.0,1.47,0.58,,0.0,0.0,2.0,0.78,0.79,,0.0,1.0,2.0,0.91,7.86,3.65,7.08,12.97,3.94,6.55,2.79,5.72,11.39,3.68,5.37,1.76,4.61,9.94,3.52,5.8,2.74,5.43,9.34,2.64,1.37,0.0,1.0,3.0,1.22,Dorka Juhasz,dorka juhasz,MIN,IND,MIN vs IND,2026-08-02,,14.09,,,,,,,,,,,,,,,,,,,,,,,,,,,,,,,medium
2026-08-02,eliska hamzova,Eliska Hamzova,MIN,IND,IND,MIN vs IND,,10000,,UNKNOWN,Medium,MEDIUM,8.19,8.0,3.59,8.13,12.81,3.51,5.07,,1.72,4.5,9.17,3.07,1.96,,0.84,1.91,3.13,0.89,1.57,,0.0,1.0,3.0,1.43,0.4,,0.0,0.0,1.0,0.65,0.3,,0.0,0.0,1.0,0.56,0.44,,0.0,0.0,1.0,0.7,4.22,1.62,3.95,7.11,2.21,2.95,1.15,2.73,5.0,1.55,3.44,1.17,3.14,6.08,1.99,3.53,1.13,3.28,6.22,2.0,0.74,0.0,0.0,2.0,0.92,Eliska Hamzova,eliska hamzova,MIN,IND,MIN vs IND,2026-08-02,,8.0,,,,,,,,,,,,,,,,,,,,,,,,,,,,,,,medium
2026-08-02,emily engstler,Emily Engstler,POR,LAS,LAS,POR vs LAS,,10000,,UNKNOWN,Low,LOW,24.54,24.66,17.05,24.56,32.06,5.82,11.38,,7.04,11.1,16.1,3.58,6.85,,3.04,6.28,11.46,3.38,3.24,,1.0,3.0,6.0,2.18,1.14,,0.0,1.0,3.0,1.12,1.52,,0.0,1.0,3.0,1.28,1.15,,0.0,1.0,3.0,1.14,18.05,11.19,17.61,25.46,5.61,14.71,9.05,14.32,20.88,4.66,12.5,7.6,12.17,17.86,3.99,10.09,5.03,9.51,15.87,4.32,2.67,1.0,2.0,5.0,1.77,Emily Engstler,emily engstler,POR,LAS,POR vs LAS,2026-08-02,,24.66,,,,,,,,,,,,,,,,,,,,,,,,,,,,,,,low
2026-08-02,emma cannon,Emma Cannon,LAS,POR,POR,LAS @ POR,,10000,,UNKNOWN,Medium,MEDIUM,8.76,8.0,2.87,8.42,14.96,4.6,3.05,,0.4,2.12,6.86,3.06,1.1,,0.03,0.49,2.88,1.67,0.39,,0.0,0.0,1.0,1.09,0.42,,0.0,0.0,1.0,0.68,0.08,,0.0,0.0,0.0,0.29,0.13,,0.0,0.0,1.0,0.38,8.62,1.44,6.49,18.26,7.67,7.99,1.37,5.94,16.93,7.21,6.22,0.79,4.35,13.74,6.13,1.49,0.03,0.78,3.89,2.05,0.22,0.0,0.0,1.0,0.48,Emma Cannon,emma cannon,LAS,POR,LAS @ POR,2026-08-02,,8.0,,,,,,,,,,,,,,,,,,,,,,,,,,,,,,,medium
2026-08-02,erica wheeler,Erica Wheeler,LAS,POR,POR,LAS @ POR,,10000,,UNKNOWN,Medium,MEDIUM,27.23,27.41,21.15,27.21,33.31,4.67,9.07,,2.58,7.7,17.24,6.27,2.07,,0.57,1.71,4.0,1.48,5.19,,2.0,5.0,8.0,2.51,1.0,,0.0,1.0,2.0,1.06,1.07,,0.0,1.0,2.0,1.06,0.26,,0.0,0.0,1.0,0.52,17.58,9.03,16.21,27.86,7.87,12.87,5.05,11.32,22.72,7.49,14.81,6.98,13.45,24.34,7.32,7.26,3.58,6.95,11.3,3.05,1.34,0.0,1.0,3.0,1.19,Erica Wheeler,erica wheeler,LAS,POR,LAS @ POR,2026-08-02,,27.41,,,,,,,,,,,,,,,,,,,,,,,,,,,,,,,medium
2026-08-02,frieda buhner,Frieda Buhner,POR,LAS,LAS,POR vs LAS,,10000,,UNKNOWN,Medium,MEDIUM,23.1,23.14,18.95,23.15,27.22,3.23,7.74,,3.21,6.95,13.28,4.16,2.65,,0.47,2.02,5.68,2.31,1.21,,0.0,1.0,3.0,1.12,1.27,,0.0,1.0,3.0,1.18,0.57,,0.0,0.0,2.0,0.84,0.23,,0.0,0.0,1.0,0.48,20.9,10.61,19.58,32.93,9.11,15.7,7.42,14.5,25.48,7.32,17.73,8.08,16.13,29.24,8.71,3.86,1.16,3.33,7.24,2.6,0.8,0.0,1.0,2.0,0.97,Frieda Buhner,frieda buhner,POR,LAS,POR vs LAS,2026-08-02,,23.14,,,,,,,,,,,,,,,,,,,,,,,,,,,,,,,medium
2026-08-02,gabby williams,Gabby Williams,GSV,TOR,TOR,GSV vs TOR,,10000,0.85,DAY-TO-DAY,Low,LOW,24.55,26.7,19.23,24.56,29.76,4.12,12.67,,5.49,11.52,21.14,6.43,3.02,,1.24,2.72,5.16,1.63,2.59,,0.0,2.0,5.0,1.93,1.8,,0.0,1.0,4.0,1.6,1.24,,0.0,1.0,3.0,1.15,0.25,,0.0,0.0,1.0,0.5,18.32,10.02,17.33,27.93,7.21,15.0,7.65,13.99,23.55,6.48,15.37,7.54,14.27,24.38,6.88,5.61,2.53,5.24,9.12,2.63,1.49,0.0,1.0,3.0,1.27,Gabby Williams,gabby williams,GSV,TOR,GSV vs TOR,2026-08-02,,26.7,,,,,,,,,,,,,,,,,,,,,,,,,,,,,,,low
2026-08-02,gianna kneepkens,Gianna Kneepkens,CON,DAL,DAL,CON @ DAL,,10000,,UNKNOWN,Medium,MEDIUM,8.9,8.78,3.95,8.84,13.86,3.82,2.61,,0.16,1.5,6.54,3.22,0.75,,0.18,0.6,1.51,0.58,0.33,,0.0,0.0,1.0,0.59,0.45,,0.0,0.0,2.0,0.84,0.21,,0.0,0.0,1.0,0.47,0.09,,0.0,0.0,0.0,0.3,5.67,1.09,4.13,12.15,5.3,4.85,0.9,3.33,10.61,4.82,4.48,0.32,2.87,10.6,5.07,1.08,0.2,0.82,2.29,0.88,0.3,0.0,0.0,1.0,0.56,Gianna Kneepkens,gianna kneepkens,CON,DAL,CON @ DAL,2026-08-02,,8.78,,,,,,,,,,,,,,,,,,,,,,,,,,,,,,,medium
2026-08-02,grace vanslooten,Grace VanSlooten,IND,MIN,MIN,IND @ MIN,,10000,,UNKNOWN,Medium,MEDIUM,8.02,8.0,4.82,8.01,11.2,2.49,0.78,,0.0,0.09,2.26,1.82,0.62,,0.02,0.32,1.59,0.83,0.14,,0.0,0.0,1.0,0.4,0.08,,0.0,0.0,0.0,0.28,0.08,,0.0,0.0,0.0,0.29,0.13,,0.0,0.0,1.0,0.42,4.63,0.26,2.77,10.79,6.24,4.2,0.23,2.18,10.08,6.11,2.77,0.0,0.53,7.41,5.59,0.77,0.03,0.42,1.94,0.93,0.21,0.0,0.0,1.0,0.51,Grace VanSlooten,grace vanslooten,IND,MIN,IND @ MIN,2026-08-02,,8.0,,,,,,,,,,,,,,,,,,,,,,,,,,,,,,,medium
2026-08-02,hailey van lith,Hailey Van Lith,CON,DAL,DAL,CON @ DAL,,10000,,UNKNOWN,Medium,MEDIUM,9.6,9.48,4.18,9.54,14.99,4.12,1.08,,0.45,1.05,1.72,0.48,0.45,,0.19,0.44,0.72,0.2,1.4,,0.0,1.0,3.0,1.32,0.17,,0.0,0.0,1.0,0.42,0.45,,0.0,0.0,1.0,0.71,0.1,,0.0,0.0,0.0,0.32,4.97,1.61,4.68,8.68,2.75,2.92,1.25,2.88,4.63,1.29,4.02,1.08,3.69,7.32,2.44,1.85,0.25,1.51,3.68,1.42,0.55,0.0,0.0,2.0,0.79,Hailey Van Lith,hailey van lith,CON,DAL,CON @ DAL,2026-08-02,,9.48,,,,,,,,,,,,,,,,,,,,,,,,,,,,,,,medium
2026-08-02,haley jones,Haley Jones,DAL,CON,CON,DAL vs CON,,10000,,UNKNOWN,Low,LOW,16.34,16.32,10.36,16.33,22.23,4.63,5.82,,2.09,5.06,10.42,3.56,2.69,,0.67,2.21,5.32,2.04,1.33,,0.0,1.0,3.0,1.22,0.17,,0.0,0.0,1.0,0.42,0.55,,0.0,0.0,2.0,0.81,0.17,,0.0,0.0,1.0,0.42,11.65,5.38,10.76,18.95,5.66,9.23,4.05,8.38,15.38,4.78,8.86,3.56,7.93,15.23,4.9,4.02,1.3,3.58,7.27,2.49,0.72,0.0,0.0,2.0,0.92,Haley Jones,haley jones,DAL,CON,DAL vs CON,2026-08-02,,16.32,,,,,,,,,,,,,,,,,,,,,,,,,,,,,,,low
2026-08-02,holly winterburn,Holly Winterburn,POR,LAS,LAS,POR vs LAS,,10000,,UNKNOWN,Medium,MEDIUM,9.6,9.31,3.81,9.45,15.36,4.44,3.57,,1.39,3.48,5.81,1.72,0.94,,0.35,0.88,1.6,0.5,1.6,,0.0,1.0,4.0,1.48,0.61,,0.0,0.0,2.0,0.83,0.31,,0.0,0.0,1.0,0.58,0.1,,0.0,0.0,0.0,0.32,5.36,1.84,5.12,9.04,2.8,3.86,1.51,3.76,6.28,1.85,4.54,1.48,4.29,7.81,2.46,2.54,0.46,2.24,4.98,1.75,0.41,0.0,0.0,1.0,0.67,Holly Winterburn,holly winterburn,POR,LAS,POR vs LAS,2026-08-02,,9.31,,,,,,,,,,,,,,,,,,,,,,,,,,,,,,,medium
2026-08-02,isabelle harrison,Isabelle Harrison,TOR,GSV,GSV,TOR @ GSV,,10000,,UNKNOWN,Medium,MEDIUM,24.72,24.85,20.16,24.7,29.32,3.57,12.45,,4.94,11.21,21.58,6.91,6.09,,3.38,5.77,9.23,2.34,1.22,,0.0,1.0,3.0,1.12,0.79,,0.0,1.0,2.0,0.9,0.44,,0.0,0.0,1.0,0.67,0.64,,0.0,0.0,2.0,0.81,21.61,12.27,20.25,32.75,8.39,18.45,10.1,17.22,28.42,7.49,15.64,6.81,14.2,26.33,8.05,7.31,4.2,6.99,10.77,2.65,1.07,0.0,1.0,2.0,1.06,Isabelle Harrison,isabelle harrison,TOR,GSV,TOR @ GSV,2026-08-02,,24.85,,,,,,,,,,,,,,,,,,,,,,,,,,,,,,,medium
2026-08-02,janelle salaun,Janelle Salaun,GSV,TOR,TOR,GSV vs TOR,,10000,,UNKNOWN,Medium,MEDIUM,21.66,21.7,16.7,21.62,26.69,3.85,12.39,,5.94,11.42,20.07,5.74,4.43,,1.86,3.97,7.56,2.35,1.13,,0.0,1.0,3.0,1.1,2.19,,0.0,2.0,4.0,1.56,0.69,,0.0,0.0,2.0,0.96,0.22,,0.0,0.0,1.0,0.48,15.13,8.59,14.38,22.64,5.66,14.04,7.77,13.29,21.2,5.44,11.45,5.8,10.63,18.12,5.02,5.56,2.55,5.13,9.16,2.67,0.91,0.0,1.0,2.0,1.08,Janelle Salaun,janelle salaun,GSV,TOR,GSV vs TOR,2026-08-02,,21.7,,,,,,,,,,,,,,,,,,,,,,,,,,,,,,,medium
2026-08-02,jessica shepard,Jessica Shepard,DAL,CON,CON,DAL vs CON,,10000,,UNKNOWN,Low,LOW,29.97,31.28,22.45,30.47,37.01,5.56,15.0,,9.41,14.59,21.2,4.61,10.8,,5.88,10.18,16.5,4.29,5.01,,1.0,5.0,9.0,3.14,0.31,,0.0,0.0,1.0,0.56,0.86,,0.0,1.0,2.0,0.94,0.29,,0.0,0.0,1.0,0.54,28.98,19.18,28.37,39.55,7.95,24.03,15.78,23.49,32.96,6.68,18.83,11.86,18.35,26.4,5.75,15.81,9.17,15.17,23.3,5.67,1.15,0.0,1.0,3.0,1.1,Jessica Shepard,jessica shepard,DAL,CON,DAL vs CON,2026-08-02,,31.28,,,,,,,,,,,,,,,,,,,,,,,,,,,,,,,low
2026-08-02,jihyun park,Jihyun Park,LAS,POR,POR,LAS @ POR,,10000,,UNKNOWN,Medium,MEDIUM,9.52,8.0,2.52,9.05,17.01,5.54,1.61,,0.0,0.31,4.53,3.44,1.28,,0.07,0.66,3.21,1.7,0.31,,0.0,0.0,1.0,0.59,0.1,,0.0,0.0,0.0,0.44,0.33,,0.0,0.0,1.0,1.12,0.14,,0.0,0.0,1.0,0.43,6.88,0.45,3.83,16.26,9.43,7.74,0.47,3.89,18.77,11.42,3.37,0.01,1.46,8.95,6.38,1.59,0.08,1.04,3.77,1.88,0.47,0.0,0.0,1.0,1.21,Jihyun Park,jihyun park,LAS,POR,LAS @ POR,2026-08-02,,8.0,,,,,,,,,,,,,,,,,,,,,,,,,,,,,,,medium
2026-08-02,jordan harrison,Jordan Harrison,POR,LAS,LAS,POR vs LAS,,10000,,UNKNOWN,Low,LOW,13.79,13.41,5.5,13.62,21.98,6.31,3.93,,0.53,2.67,8.94,4.01,1.46,,0.17,0.98,3.38,1.53,3.03,,0.0,3.0,6.0,2.27,0.21,,0.0,0.0,1.0,0.47,0.4,,0.0,0.0,1.0,0.67,0.24,,0.0,0.0,1.0,0.51,11.16,3.03,9.6,21.19,7.73,6.97,1.46,5.35,14.48,5.9,9.78,2.29,8.11,19.16,7.36,4.49,1.08,4.06,8.53,3.05,0.64,0.0,0.0,2.0,0.86,Jordan Harrison,jordan harrison,POR,LAS,POR vs LAS,2026-08-02,,13.41,,,,,,,,,,,,,,,,,,,,,,,,,,,,,,,low
2026-08-02,julie allemand,Julie Allemand,TOR,GSV,GSV,TOR @ GSV,,10000,,UNKNOWN,Medium,MEDIUM,29.67,29.75,26.12,29.68,33.2,2.75,6.66,,2.0,5.71,12.57,4.41,3.43,,1.25,3.08,6.11,2.0,5.71,,2.0,5.0,10.0,3.58,1.51,,0.0,1.0,3.0,1.26,0.95,,0.0,1.0,2.0,1.01,0.3,,0.0,0.0,1.0,0.54,20.59,11.26,19.41,31.52,8.14,13.65,6.4,12.4,22.48,6.65,16.06,7.4,14.82,26.4,7.65,9.14,4.34,8.6,14.66,4.15,1.25,0.0,1.0,3.0,1.15,Julie Allemand,julie allemand,TOR,GSV,TOR @ GSV,2026-08-02,,29.75,,,,,,,,,,,,,,,,,,,,,,,,,,,,,,,medium
2026-08-02,juste jocyte,Juste Jocyte,GSV,TOR,TOR,GSV vs TOR,,10000,,UNKNOWN,Medium,MEDIUM,8.03,8.0,4.81,8.04,11.23,2.5,0.47,,0.27,0.46,0.68,0.16,0.18,,0.04,0.14,0.38,0.15,0.23,,0.0,0.0,1.0,0.49,0.16,,0.0,0.0,1.0,0.41,0.08,,0.0,0.0,0.0,0.29,0.08,,0.0,0.0,0.0,0.28,2.43,1.09,2.06,4.31,1.37,1.72,0.93,1.64,2.59,0.69,1.91,0.85,1.5,3.78,1.24,0.41,0.04,0.18,1.18,0.52,0.16,0.0,0.0,1.0,0.4,Juste Jocyte,juste jocyte,GSV,TOR,GSV vs TOR,2026-08-02,,8.0,,,,,,,,,,,,,,,,,,,,,,,,,,,,,,,medium
2026-08-02,kaila charles,Kaila Charles,GSV,TOR,TOR,GSV vs TOR,,10000,,UNKNOWN,Low,LOW,16.65,16.61,9.87,16.69,23.32,5.19,8.81,,4.39,8.36,13.85,3.79,4.69,,2.0,4.28,7.89,2.43,1.67,,0.0,1.0,4.0,1.52,0.85,,0.0,1.0,2.0,0.96,0.82,,0.0,1.0,2.0,0.95,0.35,,0.0,0.0,1.0,0.61,8.55,4.47,8.22,13.05,3.4,7.56,3.98,7.29,11.52,3.03,5.48,2.72,5.22,8.6,2.34,6.35,2.76,5.89,10.46,3.14,1.17,0.0,1.0,3.0,1.15,Kaila Charles,kaila charles,GSV,TOR,GSV vs TOR,2026-08-02,,16.61,,,,,,,,,,,,,,,,,,,,,,,,,,,,,,,low
2026-08-02,kaitlyn chen,Kaitlyn Chen,GSV,TOR,TOR,GSV vs TOR,,10000,,UNKNOWN,Low,LOW,19.45,19.43,11.59,19.51,27.14,6.03,8.29,,2.38,6.88,15.87,5.85,1.36,,0.23,1.0,2.96,1.24,2.14,,0.0,2.0,4.0,1.67,0.51,,0.0,0.0,1.0,0.73,0.41,,0.0,0.0,1.0,0.74,0.19,,0.0,0.0,1.0,0.44,19.78,7.63,17.44,34.66,11.4,15.44,5.19,13.18,28.2,9.94,17.66,6.32,15.31,31.79,10.9,3.5,1.06,3.17,6.46,2.21,0.6,0.0,0.0,2.0,0.86,Kaitlyn Chen,kaitlyn chen,GSV,TOR,GSV vs TOR,2026-08-02,,19.43,,,,,,,,,,,,,,,,,,,,,,,,,,,,,,,low
2026-08-02,karlie samuelson,Karlie Samuelson,POR,LAS,LAS,POR vs LAS,,10000,,UNKNOWN,Low,LOW,15.96,15.94,10.55,15.91,21.44,4.25,6.75,,2.57,5.95,12.07,3.94,1.81,,0.88,1.68,2.91,0.83,1.47,,0.0,1.0,3.0,1.29,1.39,,0.0,1.0,3.0,1.24,0.57,,0.0,0.0,2.0,0.78,0.18,,0.0,0.0,1.0,0.44,7.75,3.73,7.16,12.56,3.6,6.1,2.78,5.51,10.19,3.07,6.55,2.75,5.94,11.18,3.43,3.28,1.31,3.08,5.44,1.65,0.75,0.0,1.0,2.0,0.9,Karlie Samuelson,karlie samuelson,POR,LAS,POR vs LAS,2026-08-02,,15.94,,,,,,,,,,,,,,,,,,,,,,,,,,,,,,,low
2026-08-02,kate martin,Kate Martin,LAS,POR,POR,LAS @ POR,,10000,,UNKNOWN,Medium,MEDIUM,8.85,8.0,2.62,8.57,15.28,4.83,1.0,,0.0,0.01,2.43,3.3,0.97,,0.0,0.08,2.81,2.55,0.14,,0.0,0.0,1.0,0.39,0.11,,0.0,0.0,0.0,0.39,0.11,,0.0,0.0,0.0,0.36,0.09,,0.0,0.0,0.0,0.31,6.33,0.01,1.77,17.54,12.73,5.91,0.01,1.14,17.03,12.61,3.41,0.0,0.1,7.99,10.0,1.11,0.0,0.15,3.01,2.59,0.2,0.0,0.0,1.0,0.48,Kate Martin,kate martin,LAS,POR,LAS @ POR,2026-08-02,,8.0,,,,,,,,,,,,,,,,,,,,,,,,,,,,,,,medium
2026-08-02,kayla alexander,Kayla Alexander,TOR,GSV,GSV,TOR @ GSV,,10000,,UNKNOWN,Medium,MEDIUM,9.31,8.0,2.56,8.82,16.56,5.29,4.44,,1.2,4.17,7.89,2.57,3.41,,0.92,3.19,6.07,2.0,0.91,,0.0,1.0,2.0,1.09,0.47,,0.0,0.0,1.0,0.74,0.54,,0.0,0.0,2.0,0.79,0.59,,0.0,0.0,2.0,0.83,3.97,1.04,3.74,7.14,2.34,3.78,1.02,3.56,6.72,2.18,2.18,0.53,2.03,3.99,1.34,4.32,1.04,4.0,7.93,2.69,1.13,0.0,1.0,3.0,1.22,Kayla Alexander,kayla alexander,TOR,GSV,TOR @ GSV,2026-08-02,,8.0,,,,,,,,,,,,,,,,,,,,,,,,,,,,,,,medium
2026-08-02,kayla mcbride,Kayla McBride,MIN,IND,IND,MIN vs IND,,10000,,UNKNOWN,Low,LOW,33.57,33.83,30.3,33.6,36.82,2.51,18.17,,10.72,17.46,26.45,6.25,2.53,,0.79,2.16,4.7,1.66,1.85,,0.0,2.0,4.0,1.42,2.82,,1.0,3.0,5.0,1.73,1.29,,0.0,1.0,3.0,1.47,0.33,,0.0,0.0,1.0,0.71,30.31,19.41,29.32,42.19,9.05,26.55,16.58,25.64,37.64,8.34,27.04,16.51,26.02,38.46,8.74,4.38,1.81,4.05,7.32,2.21,1.62,0.0,1.0,4.0,1.62,Kayla McBride,kayla mcbride,MIN,IND,MIN vs IND,2026-08-02,,33.83,,,,,,,,,,,,,,,,,,,,,,,,,,,,,,,low
2026-08-02,kayla thornton,Kayla Thornton,GSV,TOR,TOR,GSV vs TOR,,10000,,UNKNOWN,Medium,MEDIUM,25.14,25.25,17.58,25.27,32.68,5.84,8.22,,1.95,6.67,16.51,6.31,4.32,,1.42,3.69,8.07,2.83,0.97,,0.0,1.0,2.0,1.01,1.72,,0.0,1.0,4.0,1.59,0.74,,0.0,1.0,2.0,0.89,0.25,,0.0,0.0,1.0,0.51,13.53,5.64,12.11,23.48,7.38,12.5,4.9,11.02,22.13,7.18,9.23,2.68,7.73,17.77,6.5,5.29,1.95,4.68,9.44,3.07,0.99,0.0,1.0,2.0,1.02,Kayla Thornton,kayla thornton,GSV,TOR,GSV vs TOR,2026-08-02,,25.25,,,,,,,,,,,,,,,,,,,,,,,,,,,,,,,medium
2026-08-02,kelsey mitchell,Kelsey Mitchell,IND,MIN,MIN,IND @ MIN,,10000,,UNKNOWN,Medium,MEDIUM,30.98,31.46,25.54,31.12,36.38,4.13,24.2,,18.88,24.07,29.65,4.2,2.83,,1.22,2.59,4.75,1.46,2.94,,1.0,3.0,6.0,2.13,3.16,,1.0,3.0,6.0,1.86,1.37,,0.0,1.0,3.0,1.41,0.31,,0.0,0.0,1.0,0.56,25.29,19.42,24.99,31.52,4.68,21.9,17.11,21.74,26.92,3.84,23.72,18.17,23.49,29.49,4.4,5.77,2.66,5.4,9.33,2.66,1.68,0.0,1.0,4.0,1.52,Kelsey Mitchell,kelsey mitchell,IND,MIN,IND @ MIN,2026-08-02,,31.46,,,,,,,,,,,,,,,,,,,,,,,,,,,,,,,medium
2026-08-02,kennedy burke,Kennedy Burke,CON,DAL,DAL,CON @ DAL,,10000,,UNKNOWN,Medium,MEDIUM,27.09,27.16,21.36,27.11,32.74,4.39,9.25,,3.56,8.26,16.25,5.27,3.52,,1.56,3.19,5.94,1.78,1.77,,0.0,2.0,4.0,1.4,1.77,,0.0,2.0,4.0,1.38,1.0,,0.0,1.0,2.0,1.02,0.85,,0.0,1.0,2.0,1.01,18.04,9.58,16.84,27.86,7.47,14.45,7.32,13.37,22.95,6.47,14.57,6.57,13.3,24.4,7.34,5.29,2.55,4.97,8.42,2.35,1.85,0.0,2.0,4.0,1.46,Kennedy Burke,kennedy burke,CON,DAL,CON @ DAL,2026-08-02,,27.16,,,,,,,,,,,,,,,,,,,,,,,,,,,,,,,medium
2026-08-02,kia nurse,Kia Nurse,TOR,GSV,GSV,TOR @ GSV,,10000,,UNKNOWN,Medium,MEDIUM,15.39,15.3,8.82,15.34,21.94,5.11,7.07,,2.17,5.97,13.44,4.79,2.11,,1.05,2.01,3.3,0.91,1.43,,0.0,1.0,3.0,1.31,1.3,,0.0,1.0,3.0,1.23,0.43,,0.0,0.0,1.0,0.67,0.15,,0.0,0.0,1.0,0.39,7.59,3.2,6.85,12.94,4.03,5.86,2.39,5.17,10.22,3.3,6.38,2.24,5.61,11.51,3.88,3.55,1.43,3.32,5.88,1.79,0.58,0.0,0.0,2.0,0.79,Kia Nurse,kia nurse,TOR,GSV,TOR @ GSV,2026-08-02,,15.3,,,,,,,,,,,,,,,,,,,,,,,,,,,,,,,medium
2026-08-02,kiah stokes,Kiah Stokes,GSV,TOR,TOR,GSV vs TOR,,10000,,UNKNOWN,Medium,MEDIUM,19.14,19.16,12.84,19.19,25.28,4.86,4.51,,0.5,3.04,10.43,4.68,4.28,,2.05,3.94,6.95,2.0,0.93,,0.0,1.0,2.0,1.0,0.79,,0.0,1.0,2.0,0.93,0.51,,0.0,0.0,2.0,1.08,1.6,,0.0,1.0,5.0,2.41,10.97,4.74,9.52,19.01,6.33,10.08,4.16,8.53,18.02,6.23,6.14,1.21,4.57,12.99,5.49,5.21,2.49,4.86,8.4,2.36,2.11,0.0,1.0,6.0,2.67,Kiah Stokes,kiah stokes,GSV,TOR,GSV vs TOR,2026-08-02,,19.16,,,,,,,,,,,,,,,,,,,,,,,,,,,,,,,medium
2026-08-02,kiana williams,Kiana Williams,LAS,POR,POR,LAS @ POR,,10000,,UNKNOWN,Medium,MEDIUM,8.35,8.0,3.0,8.21,13.8,4.1,1.41,,0.0,0.29,4.02,2.96,0.3,,0.0,0.08,0.87,0.56,0.61,,0.0,0.0,2.0,1.91,0.19,,0.0,0.0,1.0,0.75,0.19,,0.0,0.0,1.0,0.56,0.08,,0.0,0.0,0.0,0.29,6.6,0.14,2.86,17.38,10.43,5.16,0.11,1.92,13.57,9.14,4.5,0.01,1.48,12.62,8.04,0.92,0.0,0.17,2.36,2.01,0.28,0.0,0.0,1.0,0.63,Kiana Williams,kiana williams,LAS,POR,LAS @ POR,2026-08-02,,8.0,,,,,,,,,,,,,,,,,,,,,,,,,,,,,,,medium
2026-08-02,kiki rice,Kiki Rice,TOR,GSV,GSV,TOR @ GSV,,10000,,UNKNOWN,High,HIGH,20.79,20.79,17.63,20.79,23.97,2.5,7.63,,6.05,7.57,9.29,1.27,4.17,,3.28,4.14,5.08,0.7,4.05,,2.0,4.0,7.0,2.12,0.67,,0.0,0.0,2.0,0.84,0.47,,0.0,0.0,1.0,0.69,0.21,,0.0,0.0,1.0,0.46,14.15,10.74,13.95,17.79,2.75,10.39,8.39,10.33,12.42,1.58,10.69,7.7,10.49,13.93,2.45,8.22,5.37,7.99,11.37,2.36,0.69,0.0,0.0,2.0,0.83,Kiki Rice,kiki rice,TOR,GSV,TOR @ GSV,2026-08-02,,20.79,,,,,,,,,,,,,,,,,,,,,,,,,,,,,,,high
2026-08-02,laeticia amihere,Laeticia Amihere,GSV,TOR,TOR,GSV vs TOR,,10000,,UNKNOWN,Medium,MEDIUM,10.1,10.08,5.5,10.02,14.72,3.6,3.09,,0.99,2.63,5.73,2.04,3.21,,1.33,2.91,5.51,1.72,1.26,,0.0,1.0,3.0,1.22,0.19,,0.0,0.0,1.0,0.44,0.41,,0.0,0.0,1.0,0.71,0.44,,0.0,0.0,2.0,1.0,6.09,2.68,5.7,10.07,2.94,5.2,2.31,4.81,8.67,2.57,3.38,1.12,3.04,6.04,2.01,4.47,1.77,4.13,7.64,2.35,0.85,0.0,0.0,2.0,1.24,Laeticia Amihere,laeticia amihere,GSV,TOR,GSV vs TOR,2026-08-02,,10.08,,,,,,,,,,,,,,,,,,,,,,,,,,,,,,,medium
2026-08-02,laura juskaite,Laura Juskaite,TOR,GSV,GSV,TOR @ GSV,,10000,,UNKNOWN,Low,LOW,27.45,28.57,18.39,27.89,36.07,6.69,11.72,,3.67,9.93,22.23,7.87,4.83,,1.55,4.13,9.02,3.14,1.86,,0.0,2.0,4.0,1.44,1.49,,0.0,1.0,3.0,1.29,0.99,,0.0,1.0,3.0,1.25,0.34,,0.0,0.0,1.0,0.59,16.86,7.77,15.28,28.02,8.39,14.55,6.25,13.01,24.78,7.73,12.41,4.62,10.79,22.21,7.46,6.69,2.66,6.07,11.51,3.61,1.33,0.0,1.0,3.0,1.39,Laura Juskaite,laura juskaite,TOR,GSV,TOR @ GSV,2026-08-02,,28.57,,,,,,,,,,,,,,,,,,,,,,,,,,,,,,,low
2026-08-02,leila lacan,Leila Lacan,CON,DAL,DAL,CON @ DAL,,10000,,UNKNOWN,Low,LOW,29.81,30.4,23.56,29.94,36.11,4.84,13.59,,6.97,12.67,21.43,5.84,3.15,,1.22,2.81,5.51,1.79,4.25,,2.0,4.0,7.0,2.21,1.18,,0.0,1.0,3.0,1.11,1.64,,0.0,1.0,4.0,1.48,0.46,,0.0,0.0,1.0,0.71,21.38,13.02,20.58,30.7,7.12,16.8,9.55,16.0,25.23,6.29,18.25,10.5,17.43,27.14,6.68,7.41,3.8,7.08,11.44,3.01,2.1,0.0,2.0,4.0,1.66,Leila Lacan,leila lacan,CON,DAL,CON @ DAL,2026-08-02,,30.4,,,,,,,,,,,,,,,,,,,,,,,,,,,,,,,low
2026-08-02,lexie hull,Lexie Hull,IND,MIN,MIN,IND @ MIN,,10000,,UNKNOWN,Medium,MEDIUM,16.87,16.88,12.88,16.87,20.81,3.1,4.18,,0.25,2.48,10.43,4.87,2.33,,0.42,1.77,4.92,2.02,0.55,,0.0,0.0,2.0,1.05,0.69,,0.0,0.0,2.0,0.92,0.51,,0.0,0.0,2.0,1.11,0.18,,0.0,0.0,1.0,0.48,9.09,2.36,7.16,18.41,7.11,7.68,1.79,5.87,15.88,6.36,6.3,0.52,4.16,14.89,6.6,2.88,0.57,2.3,5.86,2.3,0.69,0.0,0.0,2.0,1.22,Lexie Hull,lexie hull,IND,MIN,IND @ MIN,2026-08-02,,16.88,,,,,,,,,,,,,,,,,,,,,,,,,,,,,,,medium
2026-08-02,li yueru,Li Yueru,DAL,CON,CON,DAL vs CON,,10000,,UNKNOWN,Medium,MEDIUM,13.7,12.66,4.48,13.32,23.16,7.1,5.16,,1.25,4.37,10.01,3.73,3.64,,0.53,2.62,8.06,3.47,0.73,,0.0,0.0,2.0,0.94,0.49,,0.0,0.0,1.0,0.74,0.39,,0.0,0.0,1.0,0.65,0.63,,0.0,0.0,2.0,0.93,8.65,2.27,7.59,16.31,5.78,8.85,2.29,7.67,16.86,6.06,4.84,1.16,4.2,9.24,3.37,4.37,0.7,3.38,9.25,3.78,1.02,0.0,1.0,3.0,1.19,Li Yueru,li yueru,DAL,CON,DAL vs CON,2026-08-02,,12.66,,,,,,,,,,,,,,,,,,,,,,,,,,,,,,,medium
2026-08-02,liatu king,Liatu King,MIN,IND,IND,MIN vs IND,,10000,,UNKNOWN,Medium,MEDIUM,8.3,8.0,3.15,8.21,13.43,3.93,2.19,,0.15,1.27,5.43,2.67,1.6,,0.15,1.03,3.8,1.78,0.17,,0.0,0.0,1.0,0.42,0.15,,0.0,0.0,1.0,0.4,0.17,,0.0,0.0,1.0,0.43,0.17,,0.0,0.0,1.0,0.42,8.85,1.59,6.7,18.79,7.74,8.32,1.48,6.19,17.82,7.46,5.07,0.37,3.21,12.03,5.86,1.77,0.17,1.22,4.09,1.86,0.34,0.0,0.0,1.0,0.61,Liatu King,liatu king,MIN,IND,MIN vs IND,2026-08-02,,8.0,,,,,,,,,,,,,,,,,,,,,,,,,,,,,,,medium
2026-08-02,luisa geiselsoder,Luisa Geiselsoder,POR,LAS,LAS,POR vs LAS,,10000,,UNKNOWN,Medium,MEDIUM,10.24,9.78,3.86,10.0,16.74,4.93,2.65,,0.93,2.47,4.58,1.45,1.75,,0.64,1.69,2.9,0.87,0.76,,0.0,0.0,2.0,0.96,0.53,,0.0,0.0,2.0,0.77,0.23,,0.0,0.0,1.0,0.5,0.17,,0.0,0.0,1.0,0.42,4.38,1.51,4.16,7.54,2.34,3.32,1.21,3.18,5.55,1.69,2.94,0.89,2.69,5.29,1.74,2.5,0.74,2.27,4.57,1.51,0.4,0.0,0.0,1.0,0.66,Luisa Geiselsoder,luisa geiselsoder,POR,LAS,POR vs LAS,2026-08-02,,9.78,,,,,,,,,,,,,,,,,,,,,,,,,,,,,,,medium
2026-08-02,maddy siegrist,Maddy Siegrist,DAL,CON,CON,DAL vs CON,,10000,,UNKNOWN,Medium,MEDIUM,18.41,18.15,8.6,18.39,28.29,7.47,5.35,,0.53,3.45,12.59,5.85,2.14,,0.22,1.39,5.0,2.35,0.58,,0.0,0.0,2.0,0.91,0.79,,0.0,0.0,2.0,1.09,0.4,,0.0,0.0,1.0,0.76,0.19,,0.0,0.0,1.0,0.44,17.45,3.71,13.44,36.16,14.95,14.72,2.78,10.99,31.34,13.29,13.72,1.75,9.5,30.97,13.86,2.72,0.32,2.01,5.89,2.6,0.59,0.0,0.0,2.0,0.89,Maddy Siegrist,maddy siegrist,DAL,CON,DAL vs CON,2026-08-02,,18.15,,,,,,,,,,,,,,,,,,,,,,,,,,,,,,,medium
2026-08-02,makayla timpson,Makayla Timpson,IND,MIN,MIN,IND @ MIN,,10000,,UNKNOWN,Medium,MEDIUM,16.22,15.86,6.87,16.08,25.64,7.11,5.2,,1.84,4.78,9.12,2.94,4.89,,2.02,4.79,7.81,2.22,0.76,,0.0,1.0,2.0,0.94,0.22,,0.0,0.0,1.0,0.48,0.45,,0.0,0.0,1.0,0.7,0.86,,0.0,0.0,3.0,1.52,8.73,3.49,8.45,14.27,4.17,8.64,3.51,8.37,14.09,4.13,4.47,1.56,4.14,7.81,2.49,5.65,2.27,5.5,9.26,2.7,1.3,0.0,1.0,3.0,1.72,Makayla Timpson,makayla timpson,IND,MIN,IND @ MIN,2026-08-02,,15.86,,,,,,,,,,,,,,,,,,,,,,,,,,,,,,,medium
2026-08-02,maria conde,Maria Conde,TOR,GSV,GSV,TOR @ GSV,,10000,,UNKNOWN,Medium,MEDIUM,30.5,30.59,26.4,30.52,34.57,3.15,10.44,,4.27,9.4,18.03,5.6,5.39,,2.13,4.87,9.31,2.95,3.08,,0.0,2.0,7.0,2.73,1.8,,0.0,2.0,4.0,1.38,0.75,,0.0,0.0,2.0,1.04,0.31,,0.0,0.0,1.0,0.57,19.68,11.11,18.65,29.74,7.39,15.84,8.44,14.87,24.62,6.43,14.4,6.77,13.38,23.64,6.73,8.47,3.84,7.83,13.91,4.07,1.07,0.0,1.0,3.0,1.2,Maria Conde,maria conde,TOR,GSV,TOR @ GSV,2026-08-02,,30.59,,,,,,,,,,,,,,,,,,,,,,,,,,,,,,,medium
2026-08-02,marina mabrey,Marina Mabrey,TOR,GSV,GSV,TOR @ GSV,,10000,0.85,DAY-TO-DAY,Low,LOW,30.78,33.88,25.69,30.88,35.8,3.89,17.25,,7.37,15.62,29.23,8.98,3.44,,0.91,2.88,6.74,2.43,3.52,,1.0,3.0,6.0,1.97,2.39,,0.0,2.0,5.0,1.85,0.86,,0.0,1.0,2.0,0.93,0.31,,0.0,0.0,1.0,0.56,27.78,15.04,25.93,42.64,11.32,22.77,11.15,21.03,36.64,10.4,24.51,12.22,22.55,39.23,11.07,6.96,3.22,6.54,11.19,3.2,1.16,0.0,1.0,3.0,1.09,Marina Mabrey,marina mabrey,TOR,GSV,TOR @ GSV,2026-08-02,,33.88,,,,,,,,,,,,,,,,,,,,,,,,,,,,,,,low
2026-08-02,maya caldwell,Maya Caldwell,MIN,IND,IND,MIN vs IND,,10000,,UNKNOWN,Low,LOW,15.4,15.12,6.43,15.26,24.27,6.84,5.56,,2.26,5.44,8.93,2.57,2.47,,0.7,2.1,4.69,1.72,1.43,,0.0,1.0,3.0,1.39,0.98,,0.0,1.0,2.0,1.08,0.64,,0.0,0.0,2.0,0.85,0.21,,0.0,0.0,1.0,0.46,7.88,3.08,7.56,13.12,3.89,6.87,2.72,6.61,11.27,3.33,5.75,2.21,5.56,9.51,2.83,3.91,1.05,3.47,7.28,2.52,0.85,0.0,1.0,2.0,1.0,Maya Caldwell,maya caldwell,MIN,IND,MIN vs IND,2026-08-02,,15.12,,,,,,,,,,,,,,,,,,,,,,,,,,,,,,,low
2026-08-02,megan dileo,Megan DiLeo,POR,LAS,LAS,POR vs LAS,,10000,,UNKNOWN,Low,LOW,28.5,29.48,20.55,28.8,36.28,5.94,14.49,,9.11,14.09,20.32,4.46,3.96,,1.28,3.39,7.33,2.57,1.79,,0.0,2.0,4.0,1.51,1.82,,0.0,2.0,4.0,1.44,0.81,,0.0,1.0,2.0,1.02,0.49,,0.0,0.0,1.0,0.71,22.49,14.21,21.93,31.47,6.81,20.08,12.59,19.53,28.25,6.16,18.36,11.5,17.93,25.72,5.61,5.75,2.32,5.23,9.87,3.08,1.3,0.0,1.0,3.0,1.27,Megan DiLeo,megan dileo,POR,LAS,POR vs LAS,2026-08-02,,29.48,,,,,,,,,,,,,,,,,,,,,,,,,,,,,,,low
2026-08-02,megan gustafson,Megan Gustafson,POR,LAS,LAS,POR vs LAS,,10000,,UNKNOWN,Low,LOW,27.2,27.84,19.02,27.4,35.35,6.23,14.82,,9.71,14.64,20.12,4.09,4.33,,1.74,3.85,7.64,2.42,1.75,,0.0,1.0,4.0,1.53,2.02,,0.0,2.0,4.0,1.51,1.19,,0.0,1.0,3.0,1.13,0.63,,0.0,0.0,2.0,0.81,20.48,13.22,20.25,28.13,5.84,18.36,11.9,18.05,25.18,5.22,16.28,10.5,16.07,22.35,4.6,6.09,2.67,5.62,10.06,2.99,1.82,0.0,2.0,4.0,1.42,Megan Gustafson,megan gustafson,POR,LAS,POR vs LAS,2026-08-02,,27.84,,,,,,,,,,,,,,,,,,,,,,,,,,,,,,,low
2026-08-02,miela sowah,Miela Sowah,GSV,TOR,TOR,GSV vs TOR,,10000,,UNKNOWN,Medium,MEDIUM,8.03,8.0,4.88,8.02,11.21,2.48,0.52,,0.31,0.52,0.75,0.17,0.2,,0.05,0.16,0.41,0.16,0.19,,0.0,0.0,1.0,0.44,0.13,,0.0,0.0,1.0,0.36,0.08,,0.0,0.0,0.0,0.29,0.08,,0.0,0.0,0.0,0.29,2.38,1.13,2.05,4.13,1.23,1.18,0.65,1.13,1.76,0.46,2.02,0.95,1.65,4.0,1.21,0.39,0.05,0.19,1.17,0.48,0.17,0.0,0.0,1.0,0.41,Miela Sowah,miela sowah,GSV,TOR,GSV vs TOR,2026-08-02,,8.0,,,,,,,,,,,,,,,,,,,,,,,,,,,,,,,medium
2026-08-02,monique billings,Monique Billings,IND,MIN,MIN,IND @ MIN,,10000,,UNKNOWN,Medium,MEDIUM,22.44,22.49,15.73,22.46,29.09,5.22,10.54,,4.56,9.54,17.92,5.44,7.1,,3.6,6.66,11.19,3.11,1.73,,0.0,2.0,4.0,1.39,0.33,,0.0,0.0,1.0,0.59,0.88,,0.0,1.0,2.0,0.97,0.59,,0.0,0.0,2.0,0.79,14.04,7.92,13.36,21.06,5.25,12.63,7.02,11.93,19.13,4.88,9.04,4.24,8.28,14.87,4.29,8.83,4.65,8.38,13.57,3.61,1.46,0.0,1.0,3.0,1.27,Monique Billings,monique billings,IND,MIN,IND @ MIN,2026-08-02,,22.49,,,,,,,,,,,,,,,,,,,,,,,,,,,,,,,medium
2026-08-02,myisha hines-allen,Myisha Hines-Allen,IND,MIN,MIN,IND @ MIN,,10000,,UNKNOWN,Medium,MEDIUM,13.07,13.05,9.36,13.05,16.79,2.91,3.2,,0.66,2.51,6.68,2.62,3.21,,2.11,3.14,4.41,0.91,1.08,,0.0,1.0,3.0,1.07,0.37,,0.0,0.0,1.0,0.62,0.52,,0.0,0.0,2.0,0.76,0.25,,0.0,0.0,1.0,0.52,7.35,3.91,6.83,11.45,3.16,5.57,2.98,5.03,8.83,2.5,4.35,1.29,3.73,8.16,2.92,4.3,2.47,4.14,6.36,1.53,0.77,0.0,1.0,2.0,0.92,Myisha Hines-Allen,myisha hines-allen,IND,MIN,IND @ MIN,2026-08-02,,13.05,,,,,,,,,,,,,,,,,,,,,,,,,,,,,,,medium
2026-08-02,nadia fingall,Nadia Fingall,GSV,TOR,TOR,GSV vs TOR,,10000,,UNKNOWN,Medium,MEDIUM,7.99,8.0,4.8,7.96,11.23,2.5,2.1,,0.55,1.72,4.07,1.55,0.43,,0.24,0.42,0.64,0.15,0.27,,0.0,0.0,1.0,0.53,0.57,,0.0,0.0,2.0,0.78,0.09,,0.0,0.0,0.0,0.3,0.08,,0.0,0.0,0.0,0.28,5.83,1.99,5.02,10.58,3.7,3.41,1.18,2.91,6.24,2.21,6.43,1.74,5.39,12.28,4.56,0.7,0.26,0.47,1.51,0.57,0.17,0.0,0.0,1.0,0.41,Nadia Fingall,nadia fingall,GSV,TOR,GSV vs TOR,2026-08-02,,8.0,,,,,,,,,,,,,,,,,,,,,,,,,,,,,,,medium
2026-08-02,napheesa collier,Napheesa Collier,MIN,IND,IND,MIN vs IND,,10000,,UNKNOWN,Medium,MEDIUM,25.19,25.24,21.98,25.2,28.4,2.5,16.26,,8.86,15.37,24.83,6.47,6.79,,3.47,6.39,10.68,2.88,2.01,,0.0,2.0,4.0,1.44,1.11,,0.0,1.0,3.0,1.41,1.07,,0.0,1.0,3.0,1.05,0.5,,0.0,0.0,1.0,0.72,26.34,17.04,25.39,36.76,7.89,20.55,13.0,19.74,29.08,6.48,20.42,11.74,19.42,30.3,7.48,8.8,4.88,8.43,13.06,3.27,1.58,0.0,1.0,3.0,1.27,Napheesa Collier,napheesa collier,MIN,IND,MIN vs IND,2026-08-02,,25.24,,,,,,,,,,,,,,,,,,,,,,,,,,,,,,,medium
2026-08-02,natasha howard,Natasha Howard,MIN,IND,IND,MIN vs IND,,10000,,UNKNOWN,Medium,MEDIUM,27.58,27.7,21.82,27.6,33.31,4.48,11.74,,7.29,11.25,16.81,3.83,6.34,,3.01,5.83,10.34,2.99,3.01,,1.0,3.0,6.0,2.0,0.37,,0.0,0.0,1.0,0.65,1.15,,0.0,1.0,3.0,1.28,0.84,,0.0,0.0,2.0,1.2,24.42,16.15,23.82,33.64,6.92,20.99,13.67,20.38,29.23,6.18,16.79,10.54,16.24,23.64,5.2,9.35,4.99,8.85,14.33,3.76,1.99,0.0,2.0,4.0,1.75,Natasha Howard,natasha howard,MIN,IND,MIN vs IND,2026-08-02,,27.7,,,,,,,,,,,,,,,,,,,,,,,,,,,,,,,medium
2026-08-02,nell angloma,Nell Angloma,CON,DAL,DAL,CON @ DAL,,10000,,UNKNOWN,Medium,MEDIUM,10.72,10.12,3.92,10.51,17.65,5.28,2.23,,0.01,0.7,6.21,4.05,1.18,,0.0,0.21,3.37,2.61,0.51,,0.0,0.0,2.0,1.51,0.11,,0.0,0.0,0.0,0.33,0.15,,0.0,0.0,1.0,0.43,0.22,,0.0,0.0,1.0,0.77,11.77,0.46,6.33,29.82,15.76,10.23,0.33,4.92,26.58,14.79,8.23,0.07,3.33,22.15,13.18,1.69,0.0,0.52,4.85,3.07,0.37,0.0,0.0,1.0,0.9,Nell Angloma,nell angloma,CON,DAL,CON @ DAL,2026-08-02,,10.12,,,,,,,,,,,,,,,,,,,,,,,,,,,,,,,medium
2026-08-02,nia coffey,Nia Coffey,MIN,IND,IND,MIN vs IND,,10000,,UNKNOWN,Low,LOW,19.15,19.22,10.59,19.17,27.66,6.57,1.76,,0.0,0.39,4.98,3.48,1.69,,0.25,1.21,3.76,1.65,1.1,,0.0,0.0,3.0,1.66,0.46,,0.0,0.0,1.0,0.7,0.29,,0.0,0.0,1.0,0.72,0.55,,0.0,0.0,2.0,1.11,13.08,2.39,9.44,27.65,12.78,10.37,1.49,6.7,23.14,11.84,7.99,0.05,4.39,19.71,11.32,2.79,0.41,2.16,5.95,2.44,0.84,0.0,0.0,2.0,1.34,Nia Coffey,nia coffey,MIN,IND,MIN vs IND,2026-08-02,,19.22,,,,,,,,,,,,,,,,,,,,,,,,,,,,,,,low
2026-08-02,nneka ogwumike,Nneka Ogwumike,LAS,POR,POR,LAS @ POR,,10000,,UNKNOWN,Low,LOW,29.84,30.19,24.03,29.96,35.6,4.43,16.76,,10.79,16.21,23.37,4.95,8.76,,5.66,8.47,12.29,2.63,3.2,,1.0,3.0,6.0,1.89,1.2,,0.0,1.0,3.0,1.18,1.09,,0.0,1.0,2.0,1.06,0.55,,0.0,0.0,2.0,0.85,30.2,21.48,29.64,39.69,7.16,26.81,18.94,26.29,35.32,6.51,20.78,13.76,20.29,28.54,5.8,11.96,7.77,11.66,16.52,3.44,1.64,0.0,1.0,3.0,1.37,Nneka Ogwumike,nneka ogwumike,LAS,POR,LAS @ POR,2026-08-02,,30.19,,,,,,,,,,,,,,,,,,,,,,,,,,,,,,,low
2026-08-02,nyadiew puoch,Nyadiew Puoch,POR,LAS,LAS,POR vs LAS,,10000,,UNKNOWN,Low,LOW,14.69,14.51,7.99,14.69,21.29,5.15,5.17,,1.5,4.3,9.99,3.62,2.38,,1.2,2.31,3.67,0.97,1.12,,0.0,1.0,3.0,1.15,0.72,,0.0,0.0,2.0,0.89,0.64,,0.0,0.0,2.0,0.84,0.2,,0.0,0.0,1.0,0.45,6.3,2.66,5.8,10.62,3.29,4.85,2.05,4.33,8.29,2.61,4.71,1.54,4.13,8.62,2.96,3.5,1.47,3.31,5.75,1.71,0.84,0.0,1.0,2.0,0.98,Nyadiew Puoch,nyadiew puoch,POR,LAS,POR vs LAS,2026-08-02,,14.51,,,,,,,,,,,,,,,,,,,,,,,,,,,,,,,low
2026-08-02,nyara sabally,Nyara Sabally,TOR,GSV,GSV,TOR @ GSV,,10000,,UNKNOWN,Low,LOW,24.27,24.79,15.02,24.4,33.49,7.09,8.15,,2.59,6.94,15.15,5.43,3.17,,0.69,2.49,6.54,2.56,1.34,,0.0,1.0,3.0,1.65,0.77,,0.0,1.0,2.0,0.93,0.39,,0.0,0.0,1.0,0.79,0.42,,0.0,0.0,1.0,0.8,22.89,9.36,20.71,38.96,12.35,19.7,7.79,17.53,34.17,11.16,17.53,6.07,15.3,31.7,10.78,4.51,1.18,3.79,8.83,3.19,0.81,0.0,0.0,2.0,1.13,Nyara Sabally,nyara sabally,TOR,GSV,TOR @ GSV,2026-08-02,,24.79,,,,,,,,,,,,,,,,,,,,,,,,,,,,,,,low
2026-08-02,odyssey sims,Odyssey Sims,DAL,CON,CON,DAL vs CON,,10000,,UNKNOWN,Medium,MEDIUM,11.73,10.98,4.13,11.47,19.61,5.88,2.98,,0.27,1.85,7.12,3.41,0.61,,0.04,0.36,1.5,0.74,1.12,,0.0,0.0,3.0,2.28,0.34,,0.0,0.0,1.0,0.7,0.2,,0.0,0.0,1.0,0.46,0.13,,0.0,0.0,0.0,0.76,7.85,1.23,5.75,17.22,7.39,5.97,0.93,4.18,13.12,5.9,6.65,0.66,4.53,15.3,6.98,1.74,0.06,0.98,4.35,2.5,0.33,0.0,0.0,1.0,0.9,Odyssey Sims,odyssey sims,DAL,CON,DAL vs CON,2026-08-02,,10.98,,,,,,,,,,,,,,,,,,,,,,,,,,,,,,,medium
2026-08-02,olivia miles,Olivia Miles,MIN,IND,IND,MIN vs IND,,10000,,UNKNOWN,Low,LOW,33.28,33.96,28.57,33.49,37.82,3.54,17.08,,7.59,15.61,28.5,8.55,4.82,,1.55,4.14,9.01,3.12,6.08,,3.0,6.0,10.0,2.64,1.87,,0.0,1.0,4.0,1.82,0.93,,0.0,1.0,2.0,1.03,0.48,,0.0,0.0,1.0,1.42,38.8,23.04,36.86,57.02,13.79,30.47,15.92,28.57,47.72,12.82,32.11,17.42,29.99,49.31,12.92,10.9,6.02,10.4,16.38,4.2,1.41,0.0,1.0,3.0,1.75,Olivia Miles,olivia miles,MIN,IND,MIN vs IND,2026-08-02,,33.96,,,,,,,,,,,,,,,,,,,,,,,,,,,,,,,low
2026-08-02,olivia nelson-ododa,Olivia Nelson-Ododa,CON,DAL,DAL,CON @ DAL,,10000,,UNKNOWN,Medium,MEDIUM,24.48,24.47,20.6,24.46,28.39,3.08,12.01,,8.44,11.73,15.94,3.0,6.52,,3.18,6.03,10.43,2.92,2.29,,0.0,2.0,4.0,1.56,0.25,,0.0,0.0,1.0,0.5,0.84,,0.0,1.0,2.0,0.92,1.06,,0.0,1.0,3.0,1.21,20.26,14.52,19.75,26.59,4.8,17.5,12.37,17.1,23.14,4.28,14.02,9.84,13.74,18.6,3.48,8.81,4.86,8.37,13.3,3.37,1.9,0.0,2.0,4.0,1.54,Olivia Nelson-Ododa,olivia nelson-ododa,CON,DAL,CON @ DAL,2026-08-02,,24.47,,,,,,,,,,,,,,,,,,,,,,,,,,,,,,,medium
2026-08-02,ornella bankole,Ornella Bankole,TOR,GSV,GSV,TOR @ GSV,,10000,,UNKNOWN,Medium,MEDIUM,8.36,8.0,3.29,8.2,13.6,3.94,1.55,,0.22,1.09,3.46,1.53,1.39,,0.15,0.91,3.28,1.51,0.19,,0.0,0.0,1.0,0.44,0.23,,0.0,0.0,1.0,0.49,0.37,,0.0,0.0,1.0,0.7,0.09,,0.0,0.0,0.0,0.3,5.02,1.12,4.07,10.08,3.92,4.67,1.04,3.71,9.52,3.74,2.97,0.4,2.21,6.47,2.78,1.58,0.17,1.12,3.57,1.61,0.45,0.0,0.0,1.0,0.77,Ornella Bankole,ornella bankole,TOR,GSV,TOR @ GSV,2026-08-02,,8.0,,,,,,,,,,,,,,,,,,,,,,,,,,,,,,,medium
2026-08-02,paige bueckers,Paige Bueckers,DAL,CON,CON,DAL vs CON,,10000,,UNKNOWN,Medium,MEDIUM,32.77,33.41,27.9,33.0,37.43,3.62,20.33,,12.69,19.58,28.78,6.48,4.38,,1.96,3.98,7.33,2.19,6.03,,3.0,6.0,9.0,2.62,1.72,,0.0,2.0,4.0,1.36,0.83,,0.0,1.0,2.0,0.92,0.42,,0.0,0.0,1.0,0.71,30.22,20.86,29.43,40.49,7.7,23.79,15.73,23.06,32.75,6.79,26.05,17.43,25.36,35.44,7.18,10.41,6.11,10.07,15.13,3.53,1.25,0.0,1.0,3.0,1.17,Paige Bueckers,paige bueckers,DAL,CON,DAL vs CON,2026-08-02,,33.41,,,,,,,,,,,,,,,,,,,,,,,,,,,,,,,medium
2026-08-02,rae burrell,Rae Burrell,LAS,POR,POR,LAS @ POR,,10000,,UNKNOWN,Medium,MEDIUM,27.59,27.67,23.17,27.61,32.07,3.47,15.57,,8.07,14.57,24.27,6.62,3.09,,1.7,2.92,4.65,1.19,2.63,,1.0,2.0,5.0,1.68,1.5,,0.0,1.0,3.0,1.41,1.06,,0.0,1.0,2.0,1.05,0.53,,0.0,0.0,1.0,0.73,18.32,11.24,17.56,26.53,6.15,17.1,9.94,16.24,25.38,6.29,15.27,8.61,14.47,22.91,5.8,5.72,3.13,5.5,8.58,2.13,1.59,0.0,1.0,3.0,1.3,Rae Burrell,rae burrell,LAS,POR,LAS @ POR,2026-08-02,,27.67,,,,,,,,,,,,,,,,,,,,,,,,,,,,,,,medium
2026-08-02,raegan beers,Raegan Beers,CON,DAL,DAL,CON @ DAL,,10000,,UNKNOWN,Medium,MEDIUM,14.3,14.2,7.4,14.25,21.15,5.31,5.64,,1.99,4.93,10.06,3.41,3.39,,1.25,3.04,5.96,1.98,1.0,,0.0,1.0,2.0,1.07,0.32,,0.0,0.0,1.0,0.59,0.64,,0.0,0.0,2.0,0.85,0.31,,0.0,0.0,1.0,0.57,10.71,4.57,9.98,17.64,5.34,8.97,3.8,8.31,14.9,4.56,7.36,2.74,6.65,12.86,4.2,4.39,1.56,4.01,7.66,2.47,0.95,0.0,1.0,2.0,1.04,Raegan Beers,raegan beers,CON,DAL,CON @ DAL,2026-08-02,,14.2,,,,,,,,,,,,,,,,,,,,,,,,,,,,,,,medium
2026-08-02,raven johnson,Raven Johnson,IND,MIN,MIN,IND @ MIN,,10000,,UNKNOWN,Medium,MEDIUM,11.55,8.0,2.45,10.65,21.91,7.33,1.2,,0.0,0.14,3.33,2.92,1.35,,0.0,0.29,3.82,2.81,0.5,,0.0,0.0,2.0,1.58,0.11,,0.0,0.0,1.0,0.34,0.12,,0.0,0.0,0.0,0.52,0.11,,0.0,0.0,1.0,0.34,8.58,0.16,3.83,22.88,12.89,6.67,0.11,2.47,18.22,11.13,5.11,0.0,1.07,14.51,10.17,1.86,0.0,0.56,5.18,3.3,0.23,0.0,0.0,1.0,0.63,Raven Johnson,raven johnson,IND,MIN,IND @ MIN,2026-08-02,,8.0,,,,,,,,,,,,,,,,,,,,,,,,,,,,,,,medium
2026-08-02,saniya rivers,Saniya Rivers,CON,DAL,DAL,CON @ DAL,,10000,,UNKNOWN,Medium,MEDIUM,23.9,24.12,15.91,24.01,31.97,6.19,9.79,,4.82,9.17,15.56,4.32,2.57,,1.55,2.52,3.66,0.83,3.66,,1.0,3.0,7.0,2.19,0.43,,0.0,0.0,1.0,0.67,1.2,,0.0,1.0,3.0,1.14,0.62,,0.0,0.0,2.0,0.81,16.99,9.59,16.36,25.16,6.17,12.2,6.69,11.59,18.47,4.72,14.81,7.86,14.13,22.57,5.89,6.24,3.08,5.98,9.75,2.6,1.82,0.0,2.0,4.0,1.44,Saniya Rivers,saniya rivers,CON,DAL,CON @ DAL,2026-08-02,,24.12,,,,,,,,,,,,,,,,,,,,,,,,,,,,,,,medium
2026-08-02,serah williams,Serah Williams,POR,LAS,LAS,POR vs LAS,,10000,,UNKNOWN,Medium,MEDIUM,16.69,16.66,9.09,16.68,24.2,5.82,7.41,,2.31,6.33,13.88,4.96,3.27,,0.96,2.76,6.2,2.27,1.11,,0.0,1.0,3.0,1.13,0.33,,0.0,0.0,1.0,0.59,0.7,,0.0,0.0,2.0,0.99,0.5,,0.0,0.0,1.0,0.74,11.01,4.49,9.96,18.8,5.94,8.33,3.28,7.45,14.42,4.66,8.73,3.05,7.66,15.83,5.41,4.39,1.42,3.92,7.86,2.71,1.2,0.0,1.0,3.0,1.27,Serah Williams,serah williams,POR,LAS,POR vs LAS,2026-08-02,,16.66,,,,,,,,,,,,,,,,,,,,,,,,,,,,,,,medium
2026-08-02,sophie cunningham,Sophie Cunningham,IND,MIN,MIN,IND @ MIN,,10000,,UNKNOWN,Low,LOW,22.6,22.63,16.1,22.56,29.04,5.05,9.69,,4.04,8.66,16.63,5.24,3.08,,1.4,2.8,5.1,1.53,1.38,,0.0,1.0,3.0,1.23,2.06,,0.0,2.0,5.0,1.94,0.77,,0.0,0.0,2.0,1.27,0.22,,0.0,0.0,1.0,0.64,10.54,5.53,9.82,16.41,4.47,8.93,4.57,8.27,14.21,3.98,8.58,3.9,7.86,14.21,4.26,4.45,2.02,4.15,7.24,2.09,0.99,0.0,1.0,3.0,1.43,Sophie Cunningham,sophie cunningham,IND,MIN,IND @ MIN,2026-08-02,,22.63,,,,,,,,,,,,,,,,,,,,,,,,,,,,,,,low
2026-08-02,sug sutton,Sug Sutton,DAL,CON,CON,DAL vs CON,,10000,,UNKNOWN,Medium,MEDIUM,10.79,9.47,2.89,10.21,19.22,6.19,1.71,,0.24,1.22,3.81,1.67,0.72,,0.15,0.59,1.47,0.56,1.51,,0.0,0.0,4.0,2.68,0.12,,0.0,0.0,1.0,0.35,0.17,,0.0,0.0,1.0,0.43,0.11,,0.0,0.0,1.0,0.34,7.22,1.29,5.61,15.13,6.25,5.1,1.03,4.09,10.45,4.14,5.06,0.6,3.58,11.28,5.11,2.23,0.18,1.3,5.39,2.87,0.28,0.0,0.0,1.0,0.56,Sug Sutton,sug sutton,DAL,CON,DAL vs CON,2026-08-02,,9.47,,,,,,,,,,,,,,,,,,,,,,,,,,,,,,,medium
2026-08-02,teja oblak,Teja Oblak,POR,LAS,LAS,POR vs LAS,,10000,,UNKNOWN,Medium,MEDIUM,14.12,14.05,9.31,14.13,18.93,3.76,4.87,,1.24,3.98,9.58,3.65,1.18,,0.23,0.91,2.48,1.02,1.99,,0.0,1.0,5.0,2.08,0.75,,0.0,0.0,2.0,0.95,0.42,,0.0,0.0,1.0,0.84,0.14,,0.0,0.0,1.0,0.38,11.57,4.45,10.23,20.36,6.63,8.37,2.88,7.21,15.28,5.36,10.52,3.46,9.1,19.51,6.76,3.17,0.61,2.63,6.36,2.39,0.57,0.0,0.0,2.0,0.92,Teja Oblak,teja oblak,POR,LAS,POR vs LAS,2026-08-02,,14.05,,,,,,,,,,,,,,,,,,,,,,,,,,,,,,,medium
2026-08-02,temi fagbenle,Temi Fagbenle,TOR,GSV,GSV,TOR @ GSV,,10000,,UNKNOWN,Low,LOW,16.07,16.1,10.24,16.11,21.74,4.49,6.43,,2.99,5.93,10.5,3.09,3.89,,1.42,3.39,7.02,2.34,1.41,,0.0,1.0,3.0,1.55,0.41,,0.0,0.0,1.0,0.65,0.41,,0.0,0.0,1.0,0.65,0.44,,0.0,0.0,1.0,0.68,10.72,5.49,10.17,16.54,4.5,9.88,5.05,9.34,15.44,4.21,6.88,3.16,6.42,11.09,3.24,5.3,2.02,4.78,9.19,2.95,0.85,0.0,1.0,2.0,0.95,Temi Fagbenle,temi fagbenle,TOR,GSV,TOR @ GSV,2026-08-02,,16.1,,,,,,,,,,,,,,,,,,,,,,,,,,,,,,,low
2026-08-02,teonni key,Teonni Key,TOR,GSV,GSV,TOR @ GSV,,10000,,UNKNOWN,Low,LOW,10.5,10.02,3.81,10.27,17.32,5.13,3.46,,1.08,3.17,6.18,2.06,2.05,,0.71,1.96,3.5,1.08,0.59,,0.0,0.0,2.0,0.83,0.36,,0.0,0.0,1.0,0.62,0.48,,0.0,0.0,1.0,0.75,0.49,,0.0,0.0,1.0,0.74,5.08,1.67,4.81,8.79,2.77,4.63,1.58,4.38,7.94,2.49,3.3,0.96,3.02,5.95,1.99,2.64,0.76,2.44,4.74,1.56,0.97,0.0,1.0,2.0,1.11,Teonni Key,teonni key,TOR,GSV,TOR @ GSV,2026-08-02,,10.02,,,,,,,,,,,,,,,,,,,,,,,,,,,,,,,low
2026-08-02,tiffany hayes,Tiffany Hayes,GSV,TOR,TOR,GSV vs TOR,,10000,,UNKNOWN,Medium,MEDIUM,13.38,13.31,7.76,13.38,19.01,4.35,9.13,,4.08,8.4,15.18,4.51,2.24,,1.1,2.12,3.52,0.98,2.77,,0.0,3.0,5.0,1.94,0.8,,0.0,1.0,2.0,0.93,0.53,,0.0,0.0,2.0,0.86,0.29,,0.0,0.0,1.0,0.55,8.34,4.09,7.96,13.07,3.56,6.65,3.22,6.24,10.62,2.97,6.99,3.22,6.6,11.27,3.18,5.01,2.02,4.74,8.3,2.47,0.82,0.0,1.0,2.0,1.05,Tiffany Hayes,tiffany hayes,GSV,TOR,GSV vs TOR,2026-08-02,,13.31,,,,,,,,,,,,,,,,,,,,,,,,,,,,,,,medium
2026-08-02,tima pouye,Tima Pouye,TOR,GSV,GSV,TOR @ GSV,,10000,,UNKNOWN,Medium,MEDIUM,8.99,8.0,2.59,8.61,15.69,4.98,2.19,,0.0,0.5,6.06,4.45,0.74,,0.03,0.38,1.89,1.02,0.82,,0.0,0.0,2.0,1.31,0.48,,0.0,0.0,2.0,1.08,0.09,,0.0,0.0,0.0,0.33,0.09,,0.0,0.0,0.0,0.3,6.59,0.4,3.77,15.22,8.92,5.54,0.28,2.52,13.71,8.81,4.97,0.03,2.27,12.39,7.98,1.56,0.05,1.08,3.82,1.78,0.17,0.0,0.0,1.0,0.46,Tima Pouye,tima pouye,TOR,GSV,TOR @ GSV,2026-08-02,,8.0,,,,,,,,,,,,,,,,,,,,,,,,,,,,,,,medium
2026-08-02,tyasha harris,Tyasha Harris,IND,MIN,MIN,IND @ MIN,,10000,,UNKNOWN,Low,LOW,15.46,15.44,8.47,15.43,22.53,5.44,4.13,,0.17,2.2,10.48,5.47,1.29,,0.07,0.73,3.2,1.58,1.83,,0.0,2.0,4.0,1.6,0.65,,0.0,0.0,2.0,0.91,0.23,,0.0,0.0,1.0,0.7,0.16,,0.0,0.0,1.0,0.4,10.61,2.38,7.98,21.88,9.53,7.13,0.95,4.71,16.18,7.72,9.36,1.6,6.64,20.17,9.43,3.11,0.46,2.62,6.21,2.39,0.39,0.0,0.0,1.0,0.81,Tyasha Harris,tyasha harris,IND,MIN,IND @ MIN,2026-08-02,,15.44,,,,,,,,,,,,,,,,,,,,,,,,,,,,,,,low
2026-08-02,veronica burton,Veronica Burton,GSV,TOR,TOR,GSV vs TOR,,10000,,UNKNOWN,Medium,MEDIUM,28.86,29.16,22.89,28.96,34.73,4.55,13.28,,7.29,12.48,20.36,5.26,3.94,,1.84,3.63,6.43,1.87,6.12,,3.0,6.0,10.0,2.87,1.36,,0.0,1.0,3.0,1.21,1.74,,0.0,2.0,4.0,1.35,0.36,,0.0,0.0,1.0,0.68,20.61,13.33,20.04,28.58,6.1,14.48,8.77,13.86,21.0,4.87,17.23,10.5,16.64,24.58,5.63,10.06,5.68,9.7,14.78,3.62,2.11,0.0,2.0,4.0,1.53,Veronica Burton,veronica burton,GSV,TOR,GSV vs TOR,2026-08-02,,29.16,,,,,,,,,,,,,,,,,,,,,,,,,,,,,,,medium
