PLAYER_NAME,TEAM,STAT,LINE,IS_REGULAR_HINT,IS_GOBLIN,IS_DEMON,START_TIME_ET,BOARD_TIME_ET,UPDATED_AT_ET
De'Aaron Fox,SAS,3-PT Attempted,4.5,True,False,False,2026-06-13T20:40:00-04:00,2026-06-10T07:31:00-04:00,2026-06-11T15:19:18.522000-04:00
De'Aaron Fox,SAS,3-PT Made,3.5,False,False,False,2026-06-13T20:40:00-04:00,2026-06-13T04:38:53.023000-04:00,2026-06-13T04:36:53.068000-04:00
De'Aaron Fox,SAS,Assists,6.0,True,False,False,2026-06-13T20:40:00-04:00,2026-06-10T23:36:31.684000-04:00,2026-06-11T07:23:52.199000-04:00
De'Aaron Fox,SAS,Assists - 1st 3 Minutes,1.5,False,False,False,2026-06-13T20:40:00-04:00,2026-06-10T23:47:43.751000-04:00,2026-06-10T23:45:43.802000-04:00
De'Aaron Fox,SAS,Blks+Stls,1.5,False,False,False,2026-06-13T20:40:00-04:00,2026-06-11T07:13:34.191000-04:00,2026-06-11T21:46:55.532000-04:00
De'Aaron Fox,SAS,Blocked Shots,0.5,False,False,False,2026-06-13T20:40:00-04:00,2026-06-10T23:47:43.936000-04:00,2026-06-10T23:45:43.998000-04:00
De'Aaron Fox,SAS,Defensive Rebounds,2.5,False,False,False,2026-06-13T20:40:00-04:00,2026-06-01T18:38:00-04:00,2026-06-11T18:40:21.627000-04:00
De'Aaron Fox,SAS,Double-Double,0.5,False,False,False,2026-06-13T20:40:00-04:00,2026-06-10T23:36:32.201000-04:00,2026-06-10T23:34:32.251000-04:00
De'Aaron Fox,SAS,FG Made,5.5,True,False,False,2026-06-13T20:40:00-04:00,2026-06-02T21:46:00-04:00,2026-06-12T13:34:18.896000-04:00
De'Aaron Fox,SAS,Fantasy Score,31.0,True,False,False,2026-06-13T20:40:00-04:00,2026-06-09T16:33:00-04:00,2026-06-11T18:49:28.987000-04:00
De'Aaron Fox,SAS,Free Throws Attempted,3.5,True,False,False,2026-06-13T20:40:00-04:00,2026-06-10T07:31:00-04:00,2026-06-11T07:37:28.833000-04:00
De'Aaron Fox,SAS,Free Throws Made,2.5,True,False,False,2026-06-13T20:40:00-04:00,2026-06-01T20:40:00-04:00,2026-06-12T07:12:59.702000-04:00
De'Aaron Fox,SAS,Offensive Rebounds,0.5,False,False,False,2026-06-13T20:40:00-04:00,2026-06-02T18:38:00-04:00,2026-06-11T18:39:11.210000-04:00
De'Aaron Fox,SAS,Personal Fouls,2.5,False,False,False,2026-06-13T20:40:00-04:00,2026-06-10T07:31:00-04:00,2026-06-11T07:37:20.997000-04:00
De'Aaron Fox,SAS,Points,15.0,True,False,False,2026-06-13T20:40:00-04:00,2026-06-10T23:36:32.713000-04:00,2026-06-11T22:12:03.877000-04:00
De'Aaron Fox,SAS,Points - 1st 3 Minutes,3.5,False,False,False,2026-06-13T20:40:00-04:00,2026-06-10T23:47:45.774000-04:00,2026-06-10T23:45:45.927000-04:00
De'Aaron Fox,SAS,Pts+Asts,21.5,True,False,False,2026-06-13T20:40:00-04:00,2026-06-10T23:36:32.990000-04:00,2026-06-10T23:34:33.156000-04:00
De'Aaron Fox,SAS,Pts+Rebs,18.5,True,False,False,2026-06-13T20:40:00-04:00,2026-06-10T23:36:33.402000-04:00,2026-06-10T23:34:33.651000-04:00
De'Aaron Fox,SAS,Pts+Rebs+Asts,25.0,True,False,False,2026-06-13T20:40:00-04:00,2026-06-10T23:36:33.881000-04:00,2026-06-10T23:50:11.695000-04:00
De'Aaron Fox,SAS,Quarters with 3+ Points,3.5,False,False,False,2026-06-13T20:40:00-04:00,2026-06-05T16:33:00-04:00,2026-06-11T19:22:13.117000-04:00
De'Aaron Fox,SAS,Rebounds,6.5,False,False,False,2026-06-13T20:40:00-04:00,2026-06-10T23:57:59.232000-04:00,2026-06-10T23:55:59.275000-04:00
De'Aaron Fox,SAS,Rebounds - 1st 3 Minutes,0.5,False,False,False,2026-06-13T20:40:00-04:00,2026-06-10T23:47:47.133000-04:00,2026-06-10T23:45:47.177000-04:00
De'Aaron Fox,SAS,Rebs+Asts,9.5,True,False,False,2026-06-13T20:40:00-04:00,2026-06-10T23:36:34.600000-04:00,2026-06-10T23:34:34.655000-04:00
De'Aaron Fox,SAS,Steals,0.5,False,False,False,2026-06-13T20:40:00-04:00,2026-06-10T23:36:34.796000-04:00,2026-06-10T23:34:35.045000-04:00
De'Aaron Fox,SAS,Turnovers,1.5,False,False,False,2026-06-13T20:40:00-04:00,2026-06-12T21:06:40.280000-04:00,2026-06-12T23:36:13.242000-04:00
De'Aaron Fox,SAS,Two Pointers Attempted,8.5,True,False,False,2026-06-13T20:40:00-04:00,2026-06-09T21:46:00-04:00,2026-06-11T21:48:06.772000-04:00
De'Aaron Fox,SAS,Two Pointers Made,4.5,False,False,False,2026-06-13T20:40:00-04:00,2026-06-09T21:46:00-04:00,2026-06-13T01:17:11.719000-04:00
Devin Vassell,SAS,3-PT Attempted,7.0,True,False,False,2026-06-13T20:40:00-04:00,2026-06-05T16:33:00-04:00,2026-06-11T19:12:42.602000-04:00
Devin Vassell,SAS,3-PT Made,4.5,False,False,False,2026-06-13T20:40:00-04:00,2026-06-10T23:42:20.497000-04:00,2026-06-10T23:40:20.542000-04:00
Devin Vassell,SAS,Assists,1.5,False,False,False,2026-06-13T20:40:00-04:00,2026-06-10T23:52:55.041000-04:00,2026-06-10T23:50:55.083000-04:00
Devin Vassell,SAS,Assists - 1st 3 Minutes,0.5,False,False,False,2026-06-13T20:40:00-04:00,2026-06-10T23:47:48.887000-04:00,2026-06-10T23:45:48.931000-04:00
Devin Vassell,SAS,Blks+Stls,1.5,False,False,False,2026-06-13T20:40:00-04:00,2026-06-11T00:32:41.381000-04:00,2026-06-12T07:06:44.391000-04:00
Devin Vassell,SAS,Blocked Shots,1.5,False,False,False,2026-06-13T20:40:00-04:00,2026-06-10T23:47:49.092000-04:00,2026-06-10T23:45:49.240000-04:00
Devin Vassell,SAS,Defensive Rebounds,4.5,False,False,False,2026-06-13T20:40:00-04:00,2026-06-01T18:38:00-04:00,2026-06-11T22:10:41.003000-04:00
Devin Vassell,SAS,Dunks,0.5,False,False,False,2026-06-13T20:40:00-04:00,2026-06-01T20:40:00-04:00,2026-06-11T01:11:58.401000-04:00
Devin Vassell,SAS,FG Attempted,11.5,True,False,False,2026-06-13T20:40:00-04:00,2026-06-10T21:46:00-04:00,2026-06-11T21:47:54.772000-04:00
Devin Vassell,SAS,FG Made,4.5,True,False,False,2026-06-13T20:40:00-04:00,2026-06-02T21:46:00-04:00,2026-06-12T13:34:18.896000-04:00
Devin Vassell,SAS,Fantasy Score,25.5,True,False,False,2026-06-13T20:40:00-04:00,2026-06-09T16:33:00-04:00,2026-06-11T18:49:28.987000-04:00
Devin Vassell,SAS,Free Throws Attempted,1.5,False,False,False,2026-06-13T20:40:00-04:00,2026-06-10T07:31:00-04:00,2026-06-11T21:46:55.449000-04:00
Devin Vassell,SAS,Free Throws Made,1.5,False,False,False,2026-06-13T20:40:00-04:00,2026-06-01T20:40:00-04:00,2026-06-11T15:16:53.050000-04:00
Devin Vassell,SAS,Offensive Rebounds,0.5,True,False,False,2026-06-13T20:40:00-04:00,2026-06-02T18:38:00-04:00,2026-06-11T18:39:11.210000-04:00
Devin Vassell,SAS,Personal Fouls,2.5,True,False,False,2026-06-13T20:40:00-04:00,2026-06-10T07:31:00-04:00,2026-06-11T15:28:14.088000-04:00
Devin Vassell,SAS,Points,13.0,True,False,False,2026-06-13T20:40:00-04:00,2026-06-10T23:42:20.743000-04:00,2026-06-10T23:54:46.490000-04:00
Devin Vassell,SAS,Points - 1st 3 Minutes,0.5,False,False,False,2026-06-13T20:40:00-04:00,2026-06-10T23:47:50.611000-04:00,2026-06-10T23:45:50.844000-04:00
Devin Vassell,SAS,Pts+Asts,15.5,True,False,False,2026-06-13T20:40:00-04:00,2026-06-10T23:36:36.489000-04:00,2026-06-10T23:34:36.614000-04:00
Devin Vassell,SAS,Pts+Rebs,18.0,True,False,False,2026-06-13T20:40:00-04:00,2026-06-10T23:36:36.837000-04:00,2026-06-10T23:54:39.498000-04:00
Devin Vassell,SAS,Pts+Rebs+Asts,20.5,True,False,False,2026-06-13T20:40:00-04:00,2026-06-10T23:36:37.351000-04:00,2026-06-10T23:34:37.610000-04:00
Devin Vassell,SAS,Quarters with 3+ Points,3.5,False,False,False,2026-06-13T20:40:00-04:00,2026-06-05T16:33:00-04:00,2026-06-11T19:22:13.117000-04:00
Devin Vassell,SAS,Rebounds,5.0,True,False,False,2026-06-13T20:40:00-04:00,2026-06-09T20:40:00-04:00,2026-06-11T22:10:47.588000-04:00
Devin Vassell,SAS,Rebounds - 1st 3 Minutes,0.5,False,False,False,2026-06-13T20:40:00-04:00,2026-06-10T23:47:51.556000-04:00,2026-06-10T23:45:51.604000-04:00
Devin Vassell,SAS,Rebs+Asts,7.5,True,False,False,2026-06-13T20:40:00-04:00,2026-06-10T23:47:51.751000-04:00,2026-06-11T07:25:59.179000-04:00
Devin Vassell,SAS,Steals,0.5,False,False,False,2026-06-13T20:40:00-04:00,2026-06-10T23:36:38.441000-04:00,2026-06-10T23:34:38.696000-04:00
Devin Vassell,SAS,Turnovers,1.5,False,False,False,2026-06-13T20:40:00-04:00,2026-06-11T00:11:02.120000-04:00,2026-06-13T01:17:12.255000-04:00
Devin Vassell,SAS,Two Pointers Attempted,4.5,False,False,False,2026-06-13T20:40:00-04:00,2026-06-09T21:46:00-04:00,2026-06-11T21:48:06.772000-04:00
Devin Vassell,SAS,Two Pointers Made,1.5,False,False,False,2026-06-13T20:40:00-04:00,2026-06-09T21:46:00-04:00,2026-06-11T21:48:06.772000-04:00
Dylan Harper,SAS,3-PT Attempted,4.0,True,False,False,2026-06-13T20:40:00-04:00,2026-06-05T16:33:00-04:00,2026-06-11T19:12:42.602000-04:00
Dylan Harper,SAS,3-PT Made,3.5,False,False,False,2026-06-13T20:40:00-04:00,2026-06-10T23:58:02.851000-04:00,2026-06-10T23:56:02.903000-04:00
Dylan Harper,SAS,Assists,1.5,False,False,False,2026-06-13T20:40:00-04:00,2026-06-10T23:58:03.299000-04:00,2026-06-10T23:56:03.362000-04:00
Dylan Harper,SAS,Blks+Stls,1.5,False,False,False,2026-06-13T20:40:00-04:00,2026-06-11T00:32:41.872000-04:00,2026-06-11T19:53:19.350000-04:00
Dylan Harper,SAS,Blocked Shots,0.5,False,False,False,2026-06-13T20:40:00-04:00,2026-06-10T23:47:53.149000-04:00,2026-06-10T23:45:53.195000-04:00
Dylan Harper,SAS,Defensive Rebounds,4.5,True,False,False,2026-06-13T20:40:00-04:00,2026-06-01T18:38:00-04:00,2026-06-11T18:40:21.627000-04:00
Dylan Harper,SAS,Double-Double,0.5,False,False,False,2026-06-13T20:40:00-04:00,2026-06-10T23:36:39.589000-04:00,2026-06-10T23:34:39.640000-04:00
Dylan Harper,SAS,Dunks,0.5,False,False,False,2026-06-13T20:40:00-04:00,2026-06-01T20:40:00-04:00,2026-06-11T01:12:52.146000-04:00
Dylan Harper,SAS,FG Attempted,11.5,True,False,False,2026-06-13T20:40:00-04:00,2026-06-10T21:46:00-04:00,2026-06-12T19:14:14.956000-04:00
Dylan Harper,SAS,FG Made,5.5,True,False,False,2026-06-13T20:40:00-04:00,2026-06-02T21:46:00-04:00,2026-06-12T19:14:18.653000-04:00
Dylan Harper,SAS,Fantasy Score,28.5,True,False,False,2026-06-13T20:40:00-04:00,2026-06-09T16:33:00-04:00,2026-06-11T18:49:28.987000-04:00
Dylan Harper,SAS,Free Throws Attempted,2.5,False,False,False,2026-06-13T20:40:00-04:00,2026-06-10T07:31:00-04:00,2026-06-12T21:05:41.796000-04:00
Dylan Harper,SAS,Free Throws Made,2.5,False,False,False,2026-06-13T20:40:00-04:00,2026-06-01T20:40:00-04:00,2026-06-11T15:16:53.050000-04:00
Dylan Harper,SAS,Offensive Rebounds,1.5,False,False,False,2026-06-13T20:40:00-04:00,2026-06-02T18:38:00-04:00,2026-06-11T18:39:11.210000-04:00
Dylan Harper,SAS,Points,15.5,True,False,False,2026-06-13T20:40:00-04:00,2026-06-10T23:36:40.142000-04:00,2026-06-13T01:13:39.735000-04:00
Dylan Harper,SAS,Pts+Asts,18.5,True,False,False,2026-06-13T20:40:00-04:00,2026-06-10T23:36:40.545000-04:00,2026-06-11T00:24:57.539000-04:00
Dylan Harper,SAS,Pts+Rebs,21.0,True,False,False,2026-06-13T20:40:00-04:00,2026-06-10T23:36:41.051000-04:00,2026-06-11T19:29:30.783000-04:00
Dylan Harper,SAS,Pts+Rebs+Asts,24.5,True,False,False,2026-06-13T20:40:00-04:00,2026-06-10T23:36:41.561000-04:00,2026-06-11T18:54:59.273000-04:00
Dylan Harper,SAS,Quarters with 3+ Points,3.5,False,False,False,2026-06-13T20:40:00-04:00,2026-06-05T16:33:00-04:00,2026-06-11T19:22:13.117000-04:00
Dylan Harper,SAS,Rebounds,6.0,True,False,False,2026-06-13T20:40:00-04:00,2026-06-09T20:40:00-04:00,2026-06-11T19:00:44.872000-04:00
Dylan Harper,SAS,Rebs+Asts,9.0,True,False,False,2026-06-13T20:40:00-04:00,2026-06-10T23:36:42.374000-04:00,2026-06-11T07:26:15.473000-04:00
Dylan Harper,SAS,Steals,0.5,False,False,False,2026-06-13T20:40:00-04:00,2026-06-10T23:36:42.567000-04:00,2026-06-10T23:34:42.815000-04:00
Dylan Harper,SAS,Turnovers,1.5,False,False,False,2026-06-13T20:40:00-04:00,2026-06-10T23:47:55.829000-04:00,2026-06-11T15:28:01.588000-04:00
Dylan Harper,SAS,Two Pointers Attempted,7.5,True,False,False,2026-06-13T20:40:00-04:00,2026-06-09T21:46:00-04:00,2026-06-12T19:14:30.168000-04:00
Dylan Harper,SAS,Two Pointers Made,4.5,False,False,False,2026-06-13T20:40:00-04:00,2026-06-09T21:46:00-04:00,2026-06-13T00:40:27.613000-04:00
Jalen Brunson,NYK,3-PT Attempted,7.0,True,False,False,2026-06-13T20:40:00-04:00,2026-06-02T20:40:00-04:00,2026-06-11T22:41:15.385000-04:00
Jalen Brunson,NYK,3-PT Made,4.5,False,False,False,2026-06-13T20:40:00-04:00,2026-06-10T23:42:21.990000-04:00,2026-06-10T23:40:22.042000-04:00
Jalen Brunson,NYK,Assists,6.0,True,False,False,2026-06-13T20:40:00-04:00,2026-06-10T23:42:22.574000-04:00,2026-06-11T07:23:26.519000-04:00
Jalen Brunson,NYK,Assists - 1st 3 Minutes,0.5,False,False,False,2026-06-13T20:40:00-04:00,2026-06-10T23:42:23.051000-04:00,2026-06-10T23:40:23.096000-04:00
Jalen Brunson,NYK,Blks+Stls,1.5,False,False,False,2026-06-13T20:40:00-04:00,2026-06-11T07:04:56.682000-04:00,2026-06-11T12:36:04.423000-04:00
Jalen Brunson,NYK,Blocked Shots,0.5,False,False,False,2026-06-13T20:40:00-04:00,2026-06-10T23:42:23.248000-04:00,2026-06-10T23:40:23.292000-04:00
Jalen Brunson,NYK,Defensive Rebounds,2.5,True,False,False,2026-06-13T20:40:00-04:00,2026-06-01T18:38:00-04:00,2026-06-11T18:40:21.627000-04:00
Jalen Brunson,NYK,Double-Double,0.5,False,False,False,2026-06-13T20:40:00-04:00,2026-06-10T23:36:43.550000-04:00,2026-06-10T23:34:43.597000-04:00
Jalen Brunson,NYK,FG Attempted,23.5,True,False,False,2026-06-13T20:40:00-04:00,2026-06-10T21:46:00-04:00,2026-06-11T21:47:54.772000-04:00
Jalen Brunson,NYK,FG Made,10.0,True,False,False,2026-06-13T20:40:00-04:00,2026-06-10T21:46:00-04:00,2026-06-12T13:34:11.748000-04:00
Jalen Brunson,NYK,Fantasy Score,41.0,True,False,False,2026-06-13T20:40:00-04:00,2026-06-09T16:33:00-04:00,2026-06-11T18:49:28.987000-04:00
Jalen Brunson,NYK,Free Throws Attempted,6.0,True,False,False,2026-06-13T20:40:00-04:00,2026-06-09T20:40:00-04:00,2026-06-11T19:17:46.536000-04:00
Jalen Brunson,NYK,Free Throws Made,5.0,True,False,False,2026-06-13T20:40:00-04:00,2026-06-09T20:40:00-04:00,2026-06-11T19:16:49.863000-04:00
Jalen Brunson,NYK,Offensive Rebounds,0.5,True,False,False,2026-06-13T20:40:00-04:00,2026-06-02T18:38:00-04:00,2026-06-11T18:39:11.210000-04:00
Jalen Brunson,NYK,Personal Fouls,2.5,False,False,False,2026-06-13T20:40:00-04:00,2026-06-10T07:31:00-04:00,2026-06-11T19:03:57.149000-04:00
Jalen Brunson,NYK,Points,27.5,True,False,False,2026-06-13T20:40:00-04:00,2026-06-10T23:42:23.714000-04:00,2026-06-11T06:50:06.689000-04:00
Jalen Brunson,NYK,Points - 1st 3 Minutes,4.5,False,False,False,2026-06-13T20:40:00-04:00,2026-06-10T23:42:23.909000-04:00,2026-06-10T23:40:24.360000-04:00
Jalen Brunson,NYK,Pts+Asts,34.0,True,False,False,2026-06-13T20:40:00-04:00,2026-06-10T23:36:44.809000-04:00,2026-06-10T23:55:39.367000-04:00
Jalen Brunson,NYK,Pts+Rebs,31.0,True,False,False,2026-06-13T20:40:00-04:00,2026-06-10T23:36:45.228000-04:00,2026-06-12T19:42:27.445000-04:00
Jalen Brunson,NYK,Pts+Rebs+Asts,37.5,True,False,False,2026-06-13T20:40:00-04:00,2026-06-10T23:36:45.770000-04:00,2026-06-13T04:23:42.003000-04:00
Jalen Brunson,NYK,Quarters with 3+ Points,3.5,False,False,False,2026-06-13T20:40:00-04:00,2026-06-05T16:33:00-04:00,2026-06-11T19:22:13.117000-04:00
Jalen Brunson,NYK,Quarters with 5+ Points,3.5,False,False,False,2026-06-13T20:40:00-04:00,2026-06-05T16:33:00-04:00,2026-06-11T19:22:13.117000-04:00
Jalen Brunson,NYK,Rebounds,6.5,False,False,False,2026-06-13T20:40:00-04:00,2026-06-11T06:07:38.873000-04:00,2026-06-11T06:05:38.954000-04:00
Jalen Brunson,NYK,Rebounds - 1st 3 Minutes,0.5,False,False,False,2026-06-13T20:40:00-04:00,2026-06-10T23:42:25.180000-04:00,2026-06-10T23:40:25.225000-04:00
Jalen Brunson,NYK,Rebs+Asts,9.0,True,False,False,2026-06-13T20:40:00-04:00,2026-06-10T23:36:46.461000-04:00,2026-06-11T07:25:12.400000-04:00
Jalen Brunson,NYK,Steals,2.5,False,False,False,2026-06-13T20:40:00-04:00,2026-06-10T23:47:58.368000-04:00,2026-06-10T23:45:58.413000-04:00
Jalen Brunson,NYK,Turnovers,3.5,False,False,False,2026-06-13T20:40:00-04:00,2026-06-10T23:47:58.584000-04:00,2026-06-11T12:36:04.631000-04:00
Jalen Brunson,NYK,Two Pointers Attempted,16.0,False,False,False,2026-06-13T20:40:00-04:00,2026-06-09T21:46:00-04:00,2026-06-12T13:39:05.912000-04:00
Jalen Brunson,NYK,Two Pointers Made,7.0,True,False,False,2026-06-13T20:40:00-04:00,2026-06-09T21:46:00-04:00,2026-06-12T07:10:24.359000-04:00
Jose Alvarado,NYK,3-PT Attempted,2.5,False,False,False,2026-06-13T20:40:00-04:00,2026-06-02T20:40:00-04:00,2026-06-11T22:41:15.385000-04:00
Jose Alvarado,NYK,3-PT Made,2.5,False,False,False,2026-06-13T20:40:00-04:00,2026-06-13T04:38:54.444000-04:00,2026-06-13T04:36:54.487000-04:00
Jose Alvarado,NYK,Assists,0.5,False,False,False,2026-06-13T20:40:00-04:00,2026-06-12T01:23:17.943000-04:00,2026-06-12T01:21:17.999000-04:00
Jose Alvarado,NYK,Blocked Shots,0.5,False,False,False,2026-06-13T20:40:00-04:00,2026-06-11T07:04:57.238000-04:00,2026-06-11T07:02:57.282000-04:00
Jose Alvarado,NYK,FG Attempted,4.0,True,False,False,2026-06-13T20:40:00-04:00,2026-06-10T21:46:00-04:00,2026-06-11T21:47:54.772000-04:00
Jose Alvarado,NYK,FG Made,1.5,True,False,False,2026-06-13T20:40:00-04:00,2026-06-10T21:46:00-04:00,2026-06-11T21:47:54.772000-04:00
Jose Alvarado,NYK,Free Throws Attempted,0.5,False,False,False,2026-06-13T20:40:00-04:00,2026-06-08T07:31:00-04:00,2026-06-11T15:27:44.930000-04:00
Jose Alvarado,NYK,Free Throws Made,0.5,False,False,False,2026-06-13T20:40:00-04:00,2026-06-10T07:31:00-04:00,2026-06-11T12:40:48.957000-04:00
Jose Alvarado,NYK,Points,3.5,False,False,False,2026-06-13T20:40:00-04:00,2026-06-10T23:36:46.976000-04:00,2026-06-12T21:05:57.389000-04:00
Jose Alvarado,NYK,Pts+Asts,5.5,False,False,False,2026-06-13T20:40:00-04:00,2026-06-11T02:32:40.158000-04:00,2026-06-11T07:24:48.449000-04:00
Jose Alvarado,NYK,Pts+Rebs,7.5,False,False,False,2026-06-13T20:40:00-04:00,2026-06-11T07:48:06.009000-04:00,2026-06-11T07:46:06.253000-04:00
Jose Alvarado,NYK,Pts+Rebs+Asts,7.5,True,False,False,2026-06-13T20:40:00-04:00,2026-06-11T02:47:45.019000-04:00,2026-06-11T02:45:45.098000-04:00
Jose Alvarado,NYK,Rebounds,1.5,True,False,False,2026-06-13T20:40:00-04:00,2026-06-11T02:32:41.009000-04:00,2026-06-11T07:22:06.576000-04:00
Jose Alvarado,NYK,Rebs+Asts,2.5,False,False,False,2026-06-13T20:40:00-04:00,2026-06-11T02:32:41.198000-04:00,2026-06-11T15:25:47.944000-04:00
Jose Alvarado,NYK,Steals,0.5,False,False,False,2026-06-13T20:40:00-04:00,2026-06-11T02:20:35.714000-04:00,2026-06-11T15:28:53.885000-04:00
Jose Alvarado,NYK,Turnovers,0.5,True,False,False,2026-06-13T20:40:00-04:00,2026-06-11T05:20:27.169000-04:00,2026-06-11T12:36:04.643000-04:00
Jose Alvarado,NYK,Two Pointers Attempted,1.5,True,False,False,2026-06-13T20:40:00-04:00,2026-06-09T21:46:00-04:00,2026-06-11T21:48:06.772000-04:00
Jose Alvarado,NYK,Two Pointers Made,0.5,False,False,False,2026-06-13T20:40:00-04:00,2026-06-09T21:46:00-04:00,2026-06-12T07:12:03.189000-04:00
Josh Hart,NYK,3-PT Attempted,3.5,True,False,False,2026-06-13T20:40:00-04:00,2026-06-02T20:40:00-04:00,2026-06-12T19:12:19.722000-04:00
Josh Hart,NYK,3-PT Made,0.5,False,False,False,2026-06-13T20:40:00-04:00,2026-06-10T23:36:47.280000-04:00,2026-06-10T23:34:47.485000-04:00
Josh Hart,NYK,Assists,8.5,False,False,False,2026-06-13T20:40:00-04:00,2026-06-09T16:33:00-04:00,2026-06-11T19:02:30.364000-04:00
Josh Hart,NYK,Assists - 1st 3 Minutes,0.5,False,False,False,2026-06-13T20:40:00-04:00,2026-06-10T23:42:26.256000-04:00,2026-06-10T23:40:26.302000-04:00
Josh Hart,NYK,Blks+Stls,1.5,True,False,False,2026-06-13T20:40:00-04:00,2026-06-10T23:47:59.015000-04:00,2026-06-11T12:36:04.375000-04:00
Josh Hart,NYK,Blocked Shots,0.5,False,False,False,2026-06-13T20:40:00-04:00,2026-06-10T23:42:26.455000-04:00,2026-06-10T23:40:26.501000-04:00
Josh Hart,NYK,Defensive Rebounds,7.0,True,False,False,2026-06-13T20:40:00-04:00,2026-06-01T18:38:00-04:00,2026-06-11T18:40:21.627000-04:00
Josh Hart,NYK,Double-Double,0.5,False,False,False,2026-06-13T20:40:00-04:00,2026-06-10T23:36:47.943000-04:00,2026-06-10T23:34:47.984000-04:00
Josh Hart,NYK,Dunks,0.5,False,False,False,2026-06-13T20:40:00-04:00,2026-05-01T20:40:00-04:00,2026-06-11T01:13:28.501000-04:00
Josh Hart,NYK,FG Attempted,8.0,True,False,False,2026-06-13T20:40:00-04:00,2026-06-10T21:46:00-04:00,2026-06-11T21:47:54.772000-04:00
Josh Hart,NYK,FG Made,3.5,True,False,False,2026-06-13T20:40:00-04:00,2026-06-10T21:46:00-04:00,2026-06-11T21:47:54.772000-04:00
Josh Hart,NYK,Fantasy Score,29.0,True,False,False,2026-06-13T20:40:00-04:00,2026-06-09T16:33:00-04:00,2026-06-11T18:49:28.987000-04:00
Josh Hart,NYK,Free Throws Attempted,1.5,True,False,False,2026-06-13T20:40:00-04:00,2026-06-08T07:31:00-04:00,2026-06-11T15:27:44.930000-04:00
Josh Hart,NYK,Free Throws Made,0.5,False,False,False,2026-06-13T20:40:00-04:00,2026-06-10T07:31:00-04:00,2026-06-12T13:39:17.350000-04:00
Josh Hart,NYK,Offensive Rebounds,1.5,True,False,False,2026-06-13T20:40:00-04:00,2026-06-02T18:38:00-04:00,2026-06-11T18:39:11.210000-04:00
Josh Hart,NYK,Personal Fouls,2.5,False,False,False,2026-06-13T20:40:00-04:00,2026-06-10T07:31:00-04:00,2026-06-11T07:37:20.997000-04:00
Josh Hart,NYK,Points,9.5,True,False,False,2026-06-13T20:40:00-04:00,2026-06-10T23:36:48.465000-04:00,2026-06-12T17:00:11.763000-04:00
Josh Hart,NYK,Points - 1st 3 Minutes,2.5,False,False,False,2026-06-13T20:40:00-04:00,2026-06-10T23:42:27.204000-04:00,2026-06-10T23:40:27.458000-04:00
Josh Hart,NYK,Pts+Asts,14.0,True,False,False,2026-06-13T20:40:00-04:00,2026-06-10T23:36:48.626000-04:00,2026-06-12T19:43:31.642000-04:00
Josh Hart,NYK,Pts+Rebs,18.0,True,False,False,2026-06-13T20:40:00-04:00,2026-06-10T23:36:48.869000-04:00,2026-06-11T00:26:38.069000-04:00
Josh Hart,NYK,Pts+Rebs+Asts,22.5,True,False,False,2026-06-13T20:40:00-04:00,2026-06-10T23:42:27.642000-04:00,2026-06-11T03:09:18.529000-04:00
Josh Hart,NYK,Rebounds,8.5,True,False,False,2026-06-13T20:40:00-04:00,2026-06-10T23:52:57.667000-04:00,2026-06-12T08:56:04.903000-04:00
Josh Hart,NYK,Rebounds - 1st 3 Minutes,1.5,False,False,False,2026-06-13T20:40:00-04:00,2026-06-10T23:42:28.644000-04:00,2026-06-10T23:40:28.785000-04:00
Josh Hart,NYK,Rebs+Asts,12.5,False,False,False,2026-06-13T20:40:00-04:00,2026-06-10T23:52:57.862000-04:00,2026-06-10T23:50:57.905000-04:00
Josh Hart,NYK,Steals,0.5,False,False,False,2026-06-13T20:40:00-04:00,2026-06-10T23:36:50.455000-04:00,2026-06-10T23:34:50.700000-04:00
Josh Hart,NYK,Turnovers,1.5,False,False,False,2026-06-13T20:40:00-04:00,2026-06-10T23:48:00.676000-04:00,2026-06-11T12:36:04.636000-04:00
Josh Hart,NYK,Two Pointers Attempted,4.5,True,False,False,2026-06-13T20:40:00-04:00,2026-06-09T21:46:00-04:00,2026-06-12T19:12:13.137000-04:00
Josh Hart,NYK,Two Pointers Made,2.5,False,False,False,2026-06-13T20:40:00-04:00,2026-06-09T21:46:00-04:00,2026-06-11T21:48:06.772000-04:00
Julian Champagnie,SAS,3-PT Attempted,6.0,True,False,False,2026-06-13T20:40:00-04:00,2026-06-05T16:33:00-04:00,2026-06-11T19:12:42.602000-04:00
Julian Champagnie,SAS,3-PT Made,2.0,True,False,False,2026-06-13T20:40:00-04:00,2026-06-01T20:40:00-04:00,2026-06-11T09:04:45.812000-04:00
Julian Champagnie,SAS,Assists,0.5,False,False,False,2026-06-13T20:40:00-04:00,2026-06-11T00:06:46.757000-04:00,2026-06-11T00:04:46.799000-04:00
Julian Champagnie,SAS,Assists - 1st 3 Minutes,0.5,False,False,False,2026-06-13T20:40:00-04:00,2026-06-10T23:48:02.167000-04:00,2026-06-10T23:46:02.219000-04:00
Julian Champagnie,SAS,Blks+Stls,1.5,False,False,False,2026-06-13T20:40:00-04:00,2026-06-11T00:32:43.336000-04:00,2026-06-11T05:23:45.748000-04:00
Julian Champagnie,SAS,Blocked Shots,1.5,False,False,False,2026-06-13T20:40:00-04:00,2026-06-10T23:52:58.182000-04:00,2026-06-10T23:50:58.227000-04:00
Julian Champagnie,SAS,Defensive Rebounds,4.0,True,False,False,2026-06-13T20:40:00-04:00,2026-06-01T18:38:00-04:00,2026-06-11T18:40:21.627000-04:00
Julian Champagnie,SAS,Dunks,0.5,False,False,False,2026-06-13T20:40:00-04:00,2026-06-01T20:40:00-04:00,2026-06-11T01:12:13.106000-04:00
Julian Champagnie,SAS,FG Attempted,7.5,True,False,False,2026-06-13T20:40:00-04:00,2026-06-10T21:46:00-04:00,2026-06-11T21:47:54.772000-04:00
Julian Champagnie,SAS,FG Made,3.5,False,False,False,2026-06-13T20:40:00-04:00,2026-06-02T21:46:00-04:00,2026-06-12T13:34:18.896000-04:00
Julian Champagnie,SAS,Fantasy Score,20.5,True,False,False,2026-06-13T20:40:00-04:00,2026-06-09T16:33:00-04:00,2026-06-12T19:15:01.066000-04:00
Julian Champagnie,SAS,Free Throws Attempted,0.5,False,False,False,2026-06-13T20:40:00-04:00,2026-06-10T07:31:00-04:00,2026-06-11T07:39:08.239000-04:00
Julian Champagnie,SAS,Free Throws Made,0.5,False,False,False,2026-06-13T20:40:00-04:00,2026-06-01T20:40:00-04:00,2026-06-11T15:16:53.050000-04:00
Julian Champagnie,SAS,Offensive Rebounds,0.5,True,False,False,2026-06-13T20:40:00-04:00,2026-06-02T18:38:00-04:00,2026-06-11T18:39:11.210000-04:00
Julian Champagnie,SAS,Personal Fouls,2.5,False,False,False,2026-06-13T20:40:00-04:00,2026-06-10T07:31:00-04:00,2026-06-11T07:37:20.997000-04:00
Julian Champagnie,SAS,Points,9.5,True,False,False,2026-06-13T20:40:00-04:00,2026-06-10T23:42:29.483000-04:00,2026-06-11T07:21:52.728000-04:00
Julian Champagnie,SAS,Points - 1st 3 Minutes,2.5,False,False,False,2026-06-13T20:40:00-04:00,2026-06-10T23:48:04.179000-04:00,2026-06-10T23:46:04.444000-04:00
Julian Champagnie,SAS,Pts+Asts,10.5,True,False,False,2026-06-13T20:40:00-04:00,2026-06-10T23:36:51.955000-04:00,2026-06-10T23:34:52.129000-04:00
Julian Champagnie,SAS,Pts+Rebs,14.0,True,False,False,2026-06-13T20:40:00-04:00,2026-06-10T23:36:52.387000-04:00,2026-06-11T07:24:34.942000-04:00
Julian Champagnie,SAS,Pts+Rebs+Asts,15.5,True,False,False,2026-06-13T20:40:00-04:00,2026-06-10T23:36:52.778000-04:00,2026-06-10T23:36:22.237000-04:00
Julian Champagnie,SAS,Rebounds,4.5,True,False,False,2026-06-13T20:40:00-04:00,2026-06-10T23:36:53.181000-04:00,2026-06-10T23:49:18.163000-04:00
Julian Champagnie,SAS,Rebounds - 1st 3 Minutes,1.5,False,False,False,2026-06-13T20:40:00-04:00,2026-06-10T23:48:05.433000-04:00,2026-06-10T23:46:05.602000-04:00
Julian Champagnie,SAS,Rebs+Asts,6.0,True,False,False,2026-06-13T20:40:00-04:00,2026-06-09T20:40:00-04:00,2026-06-11T19:05:15.174000-04:00
Julian Champagnie,SAS,Steals,0.5,False,False,False,2026-06-13T20:40:00-04:00,2026-06-10T23:36:53.953000-04:00,2026-06-10T23:34:54.111000-04:00
Julian Champagnie,SAS,Turnovers,0.5,False,False,False,2026-06-13T20:40:00-04:00,2026-06-11T06:07:40.119000-04:00,2026-06-11T12:36:04.568000-04:00
Julian Champagnie,SAS,Two Pointers Made,0.5,False,False,False,2026-06-13T20:40:00-04:00,2026-06-09T21:46:00-04:00,2026-06-11T21:48:06.772000-04:00
Karl-Anthony Towns,NYK,3-PT Attempted,3.5,True,False,False,2026-06-13T20:40:00-04:00,2026-06-02T20:40:00-04:00,2026-06-11T22:41:15.385000-04:00
Karl-Anthony Towns,NYK,3-PT Made,3.5,False,False,False,2026-06-13T20:40:00-04:00,2026-06-10T23:58:13.231000-04:00,2026-06-10T23:56:13.281000-04:00
Karl-Anthony Towns,NYK,Assists,3.5,True,False,False,2026-06-13T20:40:00-04:00,2026-06-10T23:36:54.647000-04:00,2026-06-10T23:36:18.267000-04:00
Karl-Anthony Towns,NYK,Assists - 1st 3 Minutes,0.5,False,False,False,2026-06-13T20:40:00-04:00,2026-06-10T23:42:30.844000-04:00,2026-06-10T23:40:30.892000-04:00
Karl-Anthony Towns,NYK,Blks+Stls,2.5,False,False,False,2026-06-13T20:40:00-04:00,2026-06-10T23:52:59.163000-04:00,2026-06-11T05:23:45.761000-04:00
Karl-Anthony Towns,NYK,Blocked Shots,2.5,False,False,False,2026-06-13T20:40:00-04:00,2026-06-11T04:37:11.733000-04:00,2026-06-11T04:35:11.779000-04:00
Karl-Anthony Towns,NYK,Defensive Rebounds,8.5,True,False,False,2026-06-13T20:40:00-04:00,2026-06-01T18:38:00-04:00,2026-06-11T18:40:21.627000-04:00
Karl-Anthony Towns,NYK,Double-Double,0.5,False,False,False,2026-06-13T20:40:00-04:00,2026-06-10T23:36:55.239000-04:00,2026-06-10T23:34:55.290000-04:00
Karl-Anthony Towns,NYK,Dunks,0.5,False,False,False,2026-06-13T20:40:00-04:00,2026-06-01T20:40:00-04:00,2026-06-11T01:14:15.044000-04:00
Karl-Anthony Towns,NYK,FG Attempted,12.0,True,False,False,2026-06-13T20:40:00-04:00,2026-06-10T21:46:00-04:00,2026-06-12T19:09:35.046000-04:00
Karl-Anthony Towns,NYK,FG Made,5.5,True,False,False,2026-06-13T20:40:00-04:00,2026-06-10T21:46:00-04:00,2026-06-12T19:10:00.050000-04:00
Karl-Anthony Towns,NYK,Fantasy Score,39.0,True,False,False,2026-06-13T20:40:00-04:00,2026-06-09T16:33:00-04:00,2026-06-12T19:09:11.008000-04:00
Karl-Anthony Towns,NYK,Free Throws Attempted,4.0,True,False,False,2026-06-13T20:40:00-04:00,2026-06-09T20:40:00-04:00,2026-06-11T19:17:46.660000-04:00
Karl-Anthony Towns,NYK,Free Throws Made,3.5,True,False,False,2026-06-13T20:40:00-04:00,2026-06-10T07:31:00-04:00,2026-06-11T12:40:49.261000-04:00
Karl-Anthony Towns,NYK,Offensive Rebounds,2.5,True,False,False,2026-06-13T20:40:00-04:00,2026-06-02T18:38:00-04:00,2026-06-11T18:39:11.210000-04:00
Karl-Anthony Towns,NYK,Personal Fouls,4.0,True,False,False,2026-06-13T20:40:00-04:00,2026-06-10T07:31:00-04:00,2026-06-12T00:34:49.276000-04:00
Karl-Anthony Towns,NYK,Points,16.5,True,False,False,2026-06-13T20:40:00-04:00,2026-06-10T23:36:55.808000-04:00,2026-06-10T23:47:06.746000-04:00
Karl-Anthony Towns,NYK,Points - 1st 3 Minutes,3.5,False,False,False,2026-06-13T20:40:00-04:00,2026-06-11T01:03:47.845000-04:00,2026-06-11T01:01:47.890000-04:00
Karl-Anthony Towns,NYK,Pts+Asts,19.5,True,False,False,2026-06-13T20:40:00-04:00,2026-06-10T23:36:56.220000-04:00,2026-06-13T00:58:51.952000-04:00
Karl-Anthony Towns,NYK,Pts+Rebs,27.5,True,False,False,2026-06-13T20:40:00-04:00,2026-06-10T23:36:56.642000-04:00,2026-06-10T23:55:32.752000-04:00
Karl-Anthony Towns,NYK,Pts+Rebs+Asts,31.5,True,False,False,2026-06-13T20:40:00-04:00,2026-06-10T23:36:57.190000-04:00,2026-06-10T23:45:50.373000-04:00
Karl-Anthony Towns,NYK,Quarters with 3+ Points,3.5,False,False,False,2026-06-13T20:40:00-04:00,2026-06-05T16:33:00-04:00,2026-06-11T19:22:13.117000-04:00
Karl-Anthony Towns,NYK,Rebounds,11.0,True,False,False,2026-06-13T20:40:00-04:00,2026-06-10T23:48:09.484000-04:00,2026-06-10T23:55:58.574000-04:00
Karl-Anthony Towns,NYK,Rebounds - 1st 3 Minutes,2.5,False,False,False,2026-06-13T20:40:00-04:00,2026-06-12T18:30:17.524000-04:00,2026-06-12T18:28:17.577000-04:00
Karl-Anthony Towns,NYK,Rebs+Asts,14.5,True,False,False,2026-06-13T20:40:00-04:00,2026-06-10T23:36:58.114000-04:00,2026-06-12T18:24:00.923000-04:00
Karl-Anthony Towns,NYK,Steals,2.5,False,False,False,2026-06-13T20:40:00-04:00,2026-06-11T04:37:12.249000-04:00,2026-06-11T04:35:12.295000-04:00
Karl-Anthony Towns,NYK,Turnovers,1.5,False,False,False,2026-06-13T20:40:00-04:00,2026-06-10T23:48:10.344000-04:00,2026-06-12T13:57:55.679000-04:00
Karl-Anthony Towns,NYK,Two Pointers Attempted,8.5,True,False,False,2026-06-13T20:40:00-04:00,2026-06-09T21:46:00-04:00,2026-06-11T21:48:06.772000-04:00
Karl-Anthony Towns,NYK,Two Pointers Made,4.5,True,False,False,2026-06-13T20:40:00-04:00,2026-06-09T21:46:00-04:00,2026-06-11T21:48:06.772000-04:00
Keldon Johnson,SAS,3-PT Attempted,2.5,False,False,False,2026-06-13T20:40:00-04:00,2026-06-10T07:31:00-04:00,2026-06-11T07:37:47.607000-04:00
Keldon Johnson,SAS,3-PT Made,0.5,True,False,False,2026-06-13T20:40:00-04:00,2026-06-10T23:48:11.045000-04:00,2026-06-10T23:46:11.103000-04:00
Keldon Johnson,SAS,Assists,0.5,False,False,False,2026-06-13T20:40:00-04:00,2026-06-11T06:07:40.747000-04:00,2026-06-11T06:05:40.799000-04:00
Keldon Johnson,SAS,Blocked Shots,0.5,False,False,False,2026-06-13T20:40:00-04:00,2026-06-10T23:48:11.580000-04:00,2026-06-10T23:46:11.634000-04:00
Keldon Johnson,SAS,Defensive Rebounds,2.0,True,False,False,2026-06-13T20:40:00-04:00,2026-06-01T18:38:00-04:00,2026-06-11T18:40:21.627000-04:00
Keldon Johnson,SAS,FG Attempted,5.5,True,False,False,2026-06-13T20:40:00-04:00,2026-06-10T21:46:00-04:00,2026-06-11T21:47:54.772000-04:00
Keldon Johnson,SAS,FG Made,2.5,True,False,False,2026-06-13T20:40:00-04:00,2026-06-02T21:46:00-04:00,2026-06-12T13:34:18.896000-04:00
Keldon Johnson,SAS,Fantasy Score,13.0,True,False,False,2026-06-13T20:40:00-04:00,2026-06-09T16:33:00-04:00,2026-06-12T19:11:07.923000-04:00
Keldon Johnson,SAS,Free Throws Made,0.5,True,False,False,2026-06-13T20:40:00-04:00,2026-06-01T20:40:00-04:00,2026-06-11T15:16:53.050000-04:00
Keldon Johnson,SAS,Offensive Rebounds,0.5,False,False,False,2026-06-13T20:40:00-04:00,2026-06-02T18:38:00-04:00,2026-06-11T18:39:11.210000-04:00
Keldon Johnson,SAS,Personal Fouls,1.5,False,False,False,2026-06-13T20:40:00-04:00,2026-06-10T07:31:00-04:00,2026-06-11T07:39:08.530000-04:00
Keldon Johnson,SAS,Points,6.5,True,False,False,2026-06-13T20:40:00-04:00,2026-06-10T23:36:58.961000-04:00,2026-06-10T23:34:59.140000-04:00
Keldon Johnson,SAS,Pts+Asts,7.5,True,False,False,2026-06-13T20:40:00-04:00,2026-06-10T23:48:13.055000-04:00,2026-06-10T23:46:13.124000-04:00
Keldon Johnson,SAS,Pts+Rebs,9.5,True,False,False,2026-06-13T20:40:00-04:00,2026-06-10T23:52:59.994000-04:00,2026-06-11T11:08:12.845000-04:00
Keldon Johnson,SAS,Pts+Rebs+Asts,10.5,True,False,False,2026-06-13T20:40:00-04:00,2026-06-10T23:48:13.762000-04:00,2026-06-10T23:46:13.812000-04:00
Keldon Johnson,SAS,Rebounds,1.5,False,False,False,2026-06-13T20:40:00-04:00,2026-06-11T00:06:49.104000-04:00,2026-06-11T00:04:49.145000-04:00
Keldon Johnson,SAS,Rebs+Asts,3.5,False,False,False,2026-06-13T20:40:00-04:00,2026-06-10T23:53:00.225000-04:00,2026-06-11T21:46:41.240000-04:00
Keldon Johnson,SAS,Steals,1.5,False,False,False,2026-06-13T20:40:00-04:00,2026-06-10T23:48:14.840000-04:00,2026-06-10T23:46:14.980000-04:00
Keldon Johnson,SAS,Turnovers,0.5,True,False,False,2026-06-13T20:40:00-04:00,2026-06-10T23:48:15.128000-04:00,2026-06-11T12:36:04.596000-04:00
Keldon Johnson,SAS,Two Pointers Attempted,3.5,False,False,False,2026-06-13T20:40:00-04:00,2026-06-09T21:46:00-04:00,2026-06-11T21:48:06.772000-04:00
Keldon Johnson,SAS,Two Pointers Made,1.5,False,False,False,2026-06-13T20:40:00-04:00,2026-06-09T21:46:00-04:00,2026-06-11T21:48:06.772000-04:00
Landry Shamet,NYK,3-PT Attempted,4.5,True,False,False,2026-06-13T20:40:00-04:00,2026-06-02T20:40:00-04:00,2026-06-11T22:41:15.385000-04:00
Landry Shamet,NYK,3-PT Made,1.5,True,False,False,2026-06-13T20:40:00-04:00,2026-06-10T23:42:33.377000-04:00,2026-06-10T23:43:37.170000-04:00
Landry Shamet,NYK,Assists,0.5,False,False,False,2026-06-13T20:40:00-04:00,2026-06-11T00:03:04.243000-04:00,2026-06-11T00:01:04.285000-04:00
Landry Shamet,NYK,Blks+Stls,0.5,True,False,False,2026-06-13T20:40:00-04:00,2026-06-11T07:09:29.519000-04:00,2026-06-12T13:41:33.607000-04:00
Landry Shamet,NYK,Blocked Shots,0.5,False,False,False,2026-06-13T20:40:00-04:00,2026-06-10T23:42:33.727000-04:00,2026-06-10T23:40:33.785000-04:00
Landry Shamet,NYK,FG Attempted,6.0,True,False,False,2026-06-13T20:40:00-04:00,2026-06-10T21:46:00-04:00,2026-06-11T21:47:54.772000-04:00
Landry Shamet,NYK,FG Made,2.5,False,False,False,2026-06-13T20:40:00-04:00,2026-06-10T21:46:00-04:00,2026-06-11T21:47:54.772000-04:00
Landry Shamet,NYK,Fantasy Score,12.5,True,False,False,2026-06-13T20:40:00-04:00,2026-06-09T16:33:00-04:00,2026-06-11T18:49:28.987000-04:00
Landry Shamet,NYK,Free Throws Attempted,0.5,False,False,False,2026-06-13T20:40:00-04:00,2026-06-08T07:31:00-04:00,2026-06-11T15:27:44.930000-04:00
Landry Shamet,NYK,Free Throws Made,0.5,False,False,False,2026-06-13T20:40:00-04:00,2026-06-10T07:31:00-04:00,2026-06-11T12:40:49.108000-04:00
Landry Shamet,NYK,Personal Fouls,2.5,False,False,False,2026-06-13T20:40:00-04:00,2026-06-10T07:31:00-04:00,2026-06-12T17:08:41.281000-04:00
Landry Shamet,NYK,Points,6.5,True,False,False,2026-06-13T20:40:00-04:00,2026-06-10T23:37:00.225000-04:00,2026-06-11T15:23:43.995000-04:00
Landry Shamet,NYK,Pts+Asts,8.0,True,False,False,2026-06-13T20:40:00-04:00,2026-06-10T23:37:00.637000-04:00,2026-06-11T23:15:20.259000-04:00
Landry Shamet,NYK,Pts+Rebs,7.5,False,False,False,2026-06-13T20:40:00-04:00,2026-06-11T00:06:49.505000-04:00,2026-06-11T00:04:49.888000-04:00
Landry Shamet,NYK,Pts+Rebs+Asts,9.5,True,False,False,2026-06-13T20:40:00-04:00,2026-06-10T23:37:01.207000-04:00,2026-06-10T23:57:16.608000-04:00
Landry Shamet,NYK,Rebounds,0.5,False,False,False,2026-06-13T20:40:00-04:00,2026-06-11T00:06:50.483000-04:00,2026-06-11T00:04:50.614000-04:00
Landry Shamet,NYK,Rebs+Asts,2.5,True,False,False,2026-06-13T20:40:00-04:00,2026-06-10T23:42:34.929000-04:00,2026-06-12T07:11:52.657000-04:00
Landry Shamet,NYK,Steals,0.5,False,False,False,2026-06-13T20:40:00-04:00,2026-06-10T23:37:02.183000-04:00,2026-06-11T15:28:53.742000-04:00
Landry Shamet,NYK,Turnovers,0.5,False,False,False,2026-06-13T20:40:00-04:00,2026-06-10T23:53:01.046000-04:00,2026-06-11T12:36:04.612000-04:00
Landry Shamet,NYK,Two Pointers Attempted,1.5,False,False,False,2026-06-13T20:40:00-04:00,2026-06-09T21:46:00-04:00,2026-06-11T21:48:06.772000-04:00
Landry Shamet,NYK,Two Pointers Made,0.5,True,False,False,2026-06-13T20:40:00-04:00,2026-06-09T21:46:00-04:00,2026-06-11T21:48:06.772000-04:00
Mikal Bridges,NYK,3-PT Attempted,4.0,True,False,False,2026-06-13T20:40:00-04:00,2026-06-02T20:40:00-04:00,2026-06-11T22:41:15.385000-04:00
Mikal Bridges,NYK,3-PT Made,3.5,False,False,False,2026-06-13T20:40:00-04:00,2026-06-11T04:37:13.063000-04:00,2026-06-11T04:35:13.114000-04:00
Mikal Bridges,NYK,Assists,5.5,False,False,False,2026-06-13T20:40:00-04:00,2026-06-10T23:58:16.128000-04:00,2026-06-10T23:56:16.173000-04:00
Mikal Bridges,NYK,Assists - 1st 3 Minutes,0.5,False,False,False,2026-06-13T20:40:00-04:00,2026-06-10T23:42:35.441000-04:00,2026-06-10T23:40:35.485000-04:00
Mikal Bridges,NYK,Blks+Stls,1.5,True,False,False,2026-06-13T20:40:00-04:00,2026-06-10T23:53:01.786000-04:00,2026-06-12T07:10:01.633000-04:00
Mikal Bridges,NYK,Blocked Shots,1.5,False,False,False,2026-06-13T20:40:00-04:00,2026-06-10T23:42:35.625000-04:00,2026-06-10T23:40:35.775000-04:00
Mikal Bridges,NYK,Defensive Rebounds,2.5,True,False,False,2026-06-13T20:40:00-04:00,2026-06-01T18:38:00-04:00,2026-06-11T18:40:21.627000-04:00
Mikal Bridges,NYK,Dunks,0.5,False,False,False,2026-06-13T20:40:00-04:00,2026-06-01T20:40:00-04:00,2026-06-11T01:13:58.045000-04:00
Mikal Bridges,NYK,FG Attempted,10.5,True,False,False,2026-06-13T20:40:00-04:00,2026-06-10T21:46:00-04:00,2026-06-11T21:47:54.772000-04:00
Mikal Bridges,NYK,FG Made,4.0,True,False,False,2026-06-13T20:40:00-04:00,2026-06-10T21:46:00-04:00,2026-06-11T21:47:54.772000-04:00
Mikal Bridges,NYK,Fantasy Score,22.5,True,False,False,2026-06-13T20:40:00-04:00,2026-06-09T16:33:00-04:00,2026-06-11T18:49:28.987000-04:00
Mikal Bridges,NYK,Free Throws Attempted,1.5,True,False,False,2026-06-13T20:40:00-04:00,2026-06-08T07:31:00-04:00,2026-06-11T15:27:44.930000-04:00
Mikal Bridges,NYK,Free Throws Made,1.5,False,False,False,2026-06-13T20:40:00-04:00,2026-06-10T07:31:00-04:00,2026-06-11T15:16:47.187000-04:00
Mikal Bridges,NYK,Offensive Rebounds,0.5,True,False,False,2026-06-13T20:40:00-04:00,2026-06-02T18:38:00-04:00,2026-06-11T18:39:11.210000-04:00
Mikal Bridges,NYK,Personal Fouls,2.5,False,False,False,2026-06-13T20:40:00-04:00,2026-06-10T07:31:00-04:00,2026-06-11T07:39:09.655000-04:00
Mikal Bridges,NYK,Points,11.0,True,False,False,2026-06-13T20:40:00-04:00,2026-06-10T23:37:03.865000-04:00,2026-06-10T23:50:40.825000-04:00
Mikal Bridges,NYK,Points - 1st 3 Minutes,2.5,False,False,False,2026-06-13T20:40:00-04:00,2026-06-10T23:42:36.508000-04:00,2026-06-10T23:40:36.845000-04:00
Mikal Bridges,NYK,Pts+Asts,13.5,True,False,False,2026-06-13T20:40:00-04:00,2026-06-10T23:37:04.218000-04:00,2026-06-10T23:40:21.884000-04:00
Mikal Bridges,NYK,Pts+Rebs,14.5,True,False,False,2026-06-13T20:40:00-04:00,2026-06-10T23:37:04.544000-04:00,2026-06-10T23:35:04.707000-04:00
Mikal Bridges,NYK,Pts+Rebs+Asts,17.0,True,False,False,2026-06-13T20:40:00-04:00,2026-06-10T23:37:04.880000-04:00,2026-06-11T10:33:45.769000-04:00
Mikal Bridges,NYK,Rebounds,1.5,False,False,False,2026-06-13T20:40:00-04:00,2026-06-11T00:42:09.227000-04:00,2026-06-11T00:40:09.304000-04:00
Mikal Bridges,NYK,Rebounds - 1st 3 Minutes,0.5,False,False,False,2026-06-13T20:40:00-04:00,2026-06-10T23:42:37.327000-04:00,2026-06-10T23:40:37.384000-04:00
Mikal Bridges,NYK,Rebs+Asts,6.0,True,False,False,2026-06-13T20:40:00-04:00,2026-06-10T23:42:37.536000-04:00,2026-06-11T07:25:30.227000-04:00
Mikal Bridges,NYK,Steals,0.5,False,False,False,2026-06-13T20:40:00-04:00,2026-06-10T23:37:06.205000-04:00,2026-06-10T23:35:06.501000-04:00
Mikal Bridges,NYK,Turnovers,0.5,False,False,False,2026-06-13T20:40:00-04:00,2026-06-10T23:48:20.928000-04:00,2026-06-12T13:57:55.861000-04:00
Mikal Bridges,NYK,Two Pointers Attempted,6.5,True,False,False,2026-06-13T20:40:00-04:00,2026-06-09T21:46:00-04:00,2026-06-11T21:48:06.772000-04:00
Mikal Bridges,NYK,Two Pointers Made,2.5,False,False,False,2026-06-13T20:40:00-04:00,2026-06-09T21:46:00-04:00,2026-06-11T21:48:06.772000-04:00
Miles McBride,NYK,3-PT Attempted,1.5,False,False,False,2026-06-13T20:40:00-04:00,2026-06-02T20:40:00-04:00,2026-06-11T22:41:15.385000-04:00
Miles McBride,NYK,3-PT Made,0.5,True,False,False,2026-06-13T20:40:00-04:00,2026-06-11T07:04:59.945000-04:00,2026-06-11T07:02:59.997000-04:00
Miles McBride,NYK,Assists,0.5,True,False,False,2026-06-13T20:40:00-04:00,2026-06-11T07:05:00.124000-04:00,2026-06-11T07:03:00.168000-04:00
Miles McBride,NYK,Blks+Stls,0.5,False,False,False,2026-06-13T20:40:00-04:00,2026-06-11T07:05:00.304000-04:00,2026-06-11T12:36:04.472000-04:00
Miles McBride,NYK,Blocked Shots,0.5,False,False,False,2026-06-13T20:40:00-04:00,2026-06-11T07:05:00.490000-04:00,2026-06-11T12:36:04.164000-04:00
Miles McBride,NYK,FG Attempted,2.5,False,False,False,2026-06-13T20:40:00-04:00,2026-06-10T21:46:00-04:00,2026-06-11T21:47:54.772000-04:00
Miles McBride,NYK,FG Made,0.5,False,False,False,2026-06-13T20:40:00-04:00,2026-06-10T21:46:00-04:00,2026-06-11T21:47:54.772000-04:00
Miles McBride,NYK,Personal Fouls,0.5,False,False,False,2026-06-13T20:40:00-04:00,2026-06-10T07:31:00-04:00,2026-06-11T07:37:20.997000-04:00
Miles McBride,NYK,Points,2.5,False,False,False,2026-06-13T20:40:00-04:00,2026-06-10T23:37:06.675000-04:00,2026-06-12T21:05:41.945000-04:00
Miles McBride,NYK,Pts+Rebs+Asts,12.5,False,False,False,2026-06-13T20:40:00-04:00,2026-06-13T00:59:51.507000-04:00,2026-06-13T00:57:51.747000-04:00
Miles McBride,NYK,Rebounds,0.5,True,False,False,2026-06-13T20:40:00-04:00,2026-06-11T14:55:29.619000-04:00,2026-06-11T16:06:19.180000-04:00
Miles McBride,NYK,Rebs+Asts,0.5,False,False,False,2026-06-13T20:40:00-04:00,2026-06-11T14:55:29.887000-04:00,2026-06-12T20:21:27.399000-04:00
Miles McBride,NYK,Steals,0.5,False,False,False,2026-06-13T20:40:00-04:00,2026-06-11T00:23:49.387000-04:00,2026-06-11T00:21:49.431000-04:00
Miles McBride,NYK,Turnovers,0.5,False,False,False,2026-06-13T20:40:00-04:00,2026-06-11T00:23:49.585000-04:00,2026-06-12T04:32:41.882000-04:00
Miles McBride,NYK,Two Pointers Attempted,0.5,False,False,False,2026-06-13T20:40:00-04:00,2026-06-09T21:46:00-04:00,2026-06-11T21:48:06.772000-04:00
Mitchell Robinson,NYK,Assists,1.5,False,False,False,2026-06-13T20:40:00-04:00,2026-06-11T00:18:20.066000-04:00,2026-06-11T00:16:20.118000-04:00
Mitchell Robinson,NYK,Blks+Stls,0.5,False,False,False,2026-06-13T20:40:00-04:00,2026-06-11T00:03:06.316000-04:00,2026-06-11T05:23:45.773000-04:00
Mitchell Robinson,NYK,Blocked Shots,0.5,False,False,False,2026-06-13T20:40:00-04:00,2026-06-11T00:11:08.935000-04:00,2026-06-12T07:05:10.095000-04:00
Mitchell Robinson,NYK,Defensive Rebounds,2.5,False,False,False,2026-06-13T20:40:00-04:00,2026-06-01T18:38:00-04:00,2026-06-11T18:40:21.627000-04:00
Mitchell Robinson,NYK,Dunks,1.5,False,False,False,2026-06-13T20:40:00-04:00,2026-06-01T20:40:00-04:00,2026-06-11T01:13:17.915000-04:00
Mitchell Robinson,NYK,FG Attempted,2.5,False,False,False,2026-06-13T20:40:00-04:00,2026-06-10T21:46:00-04:00,2026-06-11T21:47:54.772000-04:00
Mitchell Robinson,NYK,FG Made,1.5,False,False,False,2026-06-13T20:40:00-04:00,2026-06-10T21:46:00-04:00,2026-06-11T21:47:54.772000-04:00
Mitchell Robinson,NYK,Free Throws Attempted,1.5,False,False,False,2026-06-13T20:40:00-04:00,2026-06-08T07:31:00-04:00,2026-06-12T13:40:47.004000-04:00
Mitchell Robinson,NYK,Free Throws Made,0.5,False,False,False,2026-06-13T20:40:00-04:00,2026-06-10T07:31:00-04:00,2026-06-11T15:16:57.576000-04:00
Mitchell Robinson,NYK,Offensive Rebounds,2.5,False,False,False,2026-06-13T20:40:00-04:00,2026-06-02T18:38:00-04:00,2026-06-11T18:39:11.210000-04:00
Mitchell Robinson,NYK,Personal Fouls,1.5,False,False,False,2026-06-13T20:40:00-04:00,2026-06-10T07:31:00-04:00,2026-06-11T07:39:09.938000-04:00
Mitchell Robinson,NYK,Points,3.5,True,False,False,2026-06-13T20:40:00-04:00,2026-06-10T23:48:22.714000-04:00,2026-06-11T01:45:21.731000-04:00
Mitchell Robinson,NYK,Pts+Asts,3.5,False,False,False,2026-06-13T20:40:00-04:00,2026-06-12T00:24:45.132000-04:00,2026-06-13T05:09:13.046000-04:00
Mitchell Robinson,NYK,Pts+Rebs,8.0,True,False,False,2026-06-13T20:40:00-04:00,2026-06-10T23:48:23.561000-04:00,2026-06-11T20:55:28.198000-04:00
Mitchell Robinson,NYK,Pts+Rebs+Asts,8.5,True,False,False,2026-06-13T20:40:00-04:00,2026-06-10T23:48:23.987000-04:00,2026-06-11T20:55:34.055000-04:00
Mitchell Robinson,NYK,Rebounds,4.5,True,False,False,2026-06-13T20:40:00-04:00,2026-06-11T00:06:52.397000-04:00,2026-06-11T02:46:16.763000-04:00
Mitchell Robinson,NYK,Rebs+Asts,5.0,True,False,False,2026-06-13T20:40:00-04:00,2026-06-05T16:33:00-04:00,2026-06-11T19:04:31.744000-04:00
Mitchell Robinson,NYK,Steals,1.5,False,False,False,2026-06-13T20:40:00-04:00,2026-06-10T23:48:25.212000-04:00,2026-06-10T23:46:25.355000-04:00
Mitchell Robinson,NYK,Turnovers,0.5,False,False,False,2026-06-13T20:40:00-04:00,2026-06-10T23:53:04.926000-04:00,2026-06-11T12:36:04.573000-04:00
Mitchell Robinson,NYK,Two Pointers Attempted,2.5,False,False,False,2026-06-13T20:40:00-04:00,2026-06-09T21:46:00-04:00,2026-06-11T21:48:06.772000-04:00
Mitchell Robinson,NYK,Two Pointers Made,1.5,False,False,False,2026-06-13T20:40:00-04:00,2026-06-09T21:46:00-04:00,2026-06-11T21:48:06.772000-04:00
OG Anunoby,NYK,3-PT Attempted,6.5,True,False,False,2026-06-13T20:40:00-04:00,2026-06-02T20:40:00-04:00,2026-06-12T19:10:25.209000-04:00
OG Anunoby,NYK,3-PT Made,2.5,True,False,False,2026-06-13T20:40:00-04:00,2026-06-10T23:37:07.032000-04:00,2026-06-11T07:27:13.367000-04:00
OG Anunoby,NYK,Assists,0.5,False,False,False,2026-06-13T20:40:00-04:00,2026-06-10T23:58:18.707000-04:00,2026-06-10T23:56:18.845000-04:00
OG Anunoby,NYK,Assists - 1st 3 Minutes,0.5,False,False,False,2026-06-13T20:40:00-04:00,2026-06-10T23:42:38.186000-04:00,2026-06-10T23:40:38.229000-04:00
OG Anunoby,NYK,Blks+Stls,1.5,False,False,False,2026-06-13T20:40:00-04:00,2026-06-11T05:32:13.366000-04:00,2026-06-11T05:30:13.532000-04:00
OG Anunoby,NYK,Blocked Shots,2.5,False,False,False,2026-06-13T20:40:00-04:00,2026-06-11T04:37:13.945000-04:00,2026-06-11T04:35:13.989000-04:00
OG Anunoby,NYK,Defensive Rebounds,4.0,True,False,False,2026-06-13T20:40:00-04:00,2026-06-01T18:38:00-04:00,2026-06-11T18:40:21.627000-04:00
OG Anunoby,NYK,Double-Double,0.5,False,False,False,2026-06-13T20:40:00-04:00,2026-06-11T00:42:10.160000-04:00,2026-06-11T00:40:10.207000-04:00
OG Anunoby,NYK,Dunks,1.5,False,False,False,2026-06-13T20:40:00-04:00,2026-06-01T20:40:00-04:00,2026-06-11T01:13:41.043000-04:00
OG Anunoby,NYK,FG Attempted,13.5,True,False,False,2026-06-13T20:40:00-04:00,2026-06-10T21:46:00-04:00,2026-06-12T13:36:06.795000-04:00
OG Anunoby,NYK,FG Made,6.0,True,False,False,2026-06-13T20:40:00-04:00,2026-06-10T21:46:00-04:00,2026-06-11T21:47:54.772000-04:00
OG Anunoby,NYK,Fantasy Score,33.0,True,False,False,2026-06-13T20:40:00-04:00,2026-06-09T16:33:00-04:00,2026-06-12T00:36:48.595000-04:00
OG Anunoby,NYK,Free Throws Attempted,5.0,True,False,False,2026-06-13T20:40:00-04:00,2026-06-09T20:40:00-04:00,2026-06-11T19:17:46.766000-04:00
OG Anunoby,NYK,Free Throws Made,4.0,True,False,False,2026-06-13T20:40:00-04:00,2026-06-09T20:40:00-04:00,2026-06-11T19:16:50.131000-04:00
OG Anunoby,NYK,Offensive Rebounds,0.5,False,False,False,2026-06-13T20:40:00-04:00,2026-06-02T18:38:00-04:00,2026-06-11T18:39:11.210000-04:00
OG Anunoby,NYK,Personal Fouls,3.5,False,False,False,2026-06-13T20:40:00-04:00,2026-06-10T07:31:00-04:00,2026-06-11T07:37:20.997000-04:00
OG Anunoby,NYK,Points,18.5,True,False,False,2026-06-13T20:40:00-04:00,2026-06-10T23:37:08.484000-04:00,2026-06-10T23:43:34.904000-04:00
OG Anunoby,NYK,Points - 1st 3 Minutes,0.5,False,False,False,2026-06-13T20:40:00-04:00,2026-06-10T23:42:38.803000-04:00,2026-06-10T23:40:39.034000-04:00
OG Anunoby,NYK,Pts+Asts,20.0,True,False,False,2026-06-13T20:40:00-04:00,2026-06-10T23:37:08.893000-04:00,2026-06-11T20:55:14.218000-04:00
OG Anunoby,NYK,Pts+Rebs,23.5,True,False,False,2026-06-13T20:40:00-04:00,2026-06-10T23:37:09.298000-04:00,2026-06-12T20:14:09.888000-04:00
OG Anunoby,NYK,Pts+Rebs+Asts,25.5,True,False,False,2026-06-13T20:40:00-04:00,2026-06-10T23:37:09.753000-04:00,2026-06-10T23:37:41.481000-04:00
OG Anunoby,NYK,Quarters with 3+ Points,3.5,False,False,False,2026-06-13T20:40:00-04:00,2026-06-05T16:33:00-04:00,2026-06-11T19:22:13.117000-04:00
OG Anunoby,NYK,Quarters with 5+ Points,3.5,False,False,False,2026-06-13T20:40:00-04:00,2026-06-05T16:33:00-04:00,2026-06-11T19:22:13.117000-04:00
OG Anunoby,NYK,Rebounds,5.0,True,False,False,2026-06-13T20:40:00-04:00,2026-06-10T23:42:40.107000-04:00,2026-06-11T07:22:44.143000-04:00
OG Anunoby,NYK,Rebounds - 1st 3 Minutes,1.5,False,False,False,2026-06-13T20:40:00-04:00,2026-06-10T23:42:40.514000-04:00,2026-06-10T23:40:40.655000-04:00
OG Anunoby,NYK,Rebs+Asts,7.0,True,False,False,2026-06-13T20:40:00-04:00,2026-06-10T23:42:40.791000-04:00,2026-06-11T07:25:46.677000-04:00
OG Anunoby,NYK,Steals,1.5,False,False,False,2026-06-13T20:40:00-04:00,2026-06-10T23:42:40.998000-04:00,2026-06-10T23:40:41.046000-04:00
OG Anunoby,NYK,Turnovers,1.5,False,False,False,2026-06-13T20:40:00-04:00,2026-06-11T14:41:54.223000-04:00,2026-06-13T05:09:12.132000-04:00
OG Anunoby,NYK,Two Pointers Attempted,6.5,True,False,False,2026-06-13T20:40:00-04:00,2026-06-09T21:46:00-04:00,2026-06-11T21:48:06.772000-04:00
OG Anunoby,NYK,Two Pointers Made,3.5,True,False,False,2026-06-13T20:40:00-04:00,2026-06-09T21:46:00-04:00,2026-06-11T21:48:06.772000-04:00
Stephon Castle,SAS,3-PT Attempted,4.0,True,False,False,2026-06-13T20:40:00-04:00,2026-06-05T16:33:00-04:00,2026-06-11T19:12:42.602000-04:00
Stephon Castle,SAS,3-PT Made,0.5,False,False,False,2026-06-13T20:40:00-04:00,2026-06-10T23:37:10.991000-04:00,2026-06-10T23:35:11.206000-04:00
Stephon Castle,SAS,Assists,6.5,True,False,False,2026-06-13T20:40:00-04:00,2026-06-10T23:37:11.357000-04:00,2026-06-10T23:35:11.569000-04:00
Stephon Castle,SAS,Assists - 1st 3 Minutes,1.5,False,False,False,2026-06-13T20:40:00-04:00,2026-06-10T23:48:28.420000-04:00,2026-06-10T23:46:28.474000-04:00
Stephon Castle,SAS,Blks+Stls,1.5,False,False,False,2026-06-13T20:40:00-04:00,2026-06-11T00:32:46.884000-04:00,2026-06-11T12:36:04.382000-04:00
Stephon Castle,SAS,Blocked Shots,0.5,False,False,False,2026-06-13T20:40:00-04:00,2026-06-10T23:48:28.617000-04:00,2026-06-10T23:46:28.662000-04:00
Stephon Castle,SAS,Defensive Rebounds,3.5,True,False,False,2026-06-13T20:40:00-04:00,2026-06-01T18:38:00-04:00,2026-06-11T18:41:48.118000-04:00
Stephon Castle,SAS,Double-Double,0.5,False,False,False,2026-06-13T20:40:00-04:00,2026-06-10T23:37:11.783000-04:00,2026-06-10T23:35:11.833000-04:00
Stephon Castle,SAS,Dunks,0.5,False,False,False,2026-06-13T20:40:00-04:00,2026-06-01T20:40:00-04:00,2026-06-11T01:12:41.735000-04:00
Stephon Castle,SAS,FG Attempted,12.5,True,False,False,2026-06-13T20:40:00-04:00,2026-06-10T21:46:00-04:00,2026-06-12T23:59:06.324000-04:00
Stephon Castle,SAS,FG Made,5.5,True,False,False,2026-06-13T20:40:00-04:00,2026-06-02T21:46:00-04:00,2026-06-12T13:34:18.896000-04:00
Stephon Castle,SAS,Fantasy Score,32.0,True,False,False,2026-06-13T20:40:00-04:00,2026-06-09T16:33:00-04:00,2026-06-12T19:10:55.921000-04:00
Stephon Castle,SAS,Free Throws Attempted,5.0,True,False,False,2026-06-13T20:40:00-04:00,2026-06-10T07:31:00-04:00,2026-06-12T23:58:43.814000-04:00
Stephon Castle,SAS,Free Throws Made,4.0,True,False,False,2026-06-13T20:40:00-04:00,2026-06-01T20:40:00-04:00,2026-06-11T19:21:48.775000-04:00
Stephon Castle,SAS,Offensive Rebounds,1.5,True,False,False,2026-06-13T20:40:00-04:00,2026-06-02T18:38:00-04:00,2026-06-11T18:39:11.210000-04:00
Stephon Castle,SAS,Personal Fouls,3.5,False,False,False,2026-06-13T20:40:00-04:00,2026-06-10T07:31:00-04:00,2026-06-12T21:05:41.711000-04:00
Stephon Castle,SAS,Points,16.5,True,False,False,2026-06-13T20:40:00-04:00,2026-06-10T23:37:12.243000-04:00,2026-06-11T19:59:59.464000-04:00
Stephon Castle,SAS,Points - 1st 3 Minutes,3.5,False,False,False,2026-06-13T20:40:00-04:00,2026-06-10T23:48:30.099000-04:00,2026-06-10T23:46:30.241000-04:00
Stephon Castle,SAS,Pts+Asts,23.0,True,False,False,2026-06-13T20:40:00-04:00,2026-06-10T23:37:12.506000-04:00,2026-06-10T23:50:53.485000-04:00
Stephon Castle,SAS,Pts+Rebs,21.0,True,False,False,2026-06-13T20:40:00-04:00,2026-06-10T23:37:12.857000-04:00,2026-06-11T15:42:31.739000-04:00
Stephon Castle,SAS,Pts+Rebs+Asts,28.0,True,False,False,2026-06-13T20:40:00-04:00,2026-06-10T23:37:13.340000-04:00,2026-06-10T23:52:18.845000-04:00
Stephon Castle,SAS,Quarters with 3+ Points,3.5,False,False,False,2026-06-13T20:40:00-04:00,2026-06-05T16:33:00-04:00,2026-06-11T19:22:13.117000-04:00
Stephon Castle,SAS,Rebounds,5.0,True,False,False,2026-06-13T20:40:00-04:00,2026-06-09T20:40:00-04:00,2026-06-11T19:00:44.992000-04:00
Stephon Castle,SAS,Rebounds - 1st 3 Minutes,0.5,False,False,False,2026-06-13T20:40:00-04:00,2026-06-10T23:48:31.241000-04:00,2026-06-10T23:46:31.283000-04:00
Stephon Castle,SAS,Rebs+Asts,11.5,True,False,False,2026-06-13T20:40:00-04:00,2026-06-10T23:37:14.133000-04:00,2026-06-10T23:35:14.321000-04:00
Stephon Castle,SAS,Steals,2.5,False,False,False,2026-06-13T20:40:00-04:00,2026-06-10T23:48:31.710000-04:00,2026-06-10T23:46:31.754000-04:00
Stephon Castle,SAS,Turnovers,2.5,True,False,False,2026-06-13T20:40:00-04:00,2026-06-10T23:48:31.901000-04:00,2026-06-11T15:28:01.433000-04:00
Stephon Castle,SAS,Two Pointers Attempted,8.5,True,False,False,2026-06-13T20:40:00-04:00,2026-06-09T21:46:00-04:00,2026-06-12T23:59:00.897000-04:00
Stephon Castle,SAS,Two Pointers Made,4.5,False,False,False,2026-06-13T20:40:00-04:00,2026-06-09T21:46:00-04:00,2026-06-11T21:48:06.772000-04:00
Victor Wembanyama,SAS,3-PT Attempted,6.0,True,False,False,2026-06-13T20:40:00-04:00,2026-06-05T16:33:00-04:00,2026-06-11T19:12:42.602000-04:00
Victor Wembanyama,SAS,3-PT Made,2.0,True,False,False,2026-06-13T20:40:00-04:00,2026-06-01T20:40:00-04:00,2026-06-11T09:04:45.906000-04:00
Victor Wembanyama,SAS,Assists,6.5,False,False,False,2026-06-13T20:40:00-04:00,2026-06-12T04:40:22.766000-04:00,2026-06-12T04:38:22.805000-04:00
Victor Wembanyama,SAS,Assists - 1st 3 Minutes,0.5,False,False,False,2026-06-13T20:40:00-04:00,2026-06-10T23:48:32.687000-04:00,2026-06-10T23:46:32.729000-04:00
Victor Wembanyama,SAS,Blks+Stls,3.5,False,False,False,2026-06-13T20:40:00-04:00,2026-06-13T02:37:44.264000-04:00,2026-06-13T02:35:44.335000-04:00
Victor Wembanyama,SAS,Blocked Shots,3.5,True,False,False,2026-06-13T20:40:00-04:00,2026-06-10T23:37:15.763000-04:00,2026-06-10T23:35:15.914000-04:00
Victor Wembanyama,SAS,Defensive Rebounds,8.5,True,False,False,2026-06-13T20:40:00-04:00,2026-06-01T18:38:00-04:00,2026-06-11T18:40:21.627000-04:00
Victor Wembanyama,SAS,Double-Double,0.5,False,False,False,2026-06-13T20:40:00-04:00,2026-06-10T23:37:16.176000-04:00,2026-06-10T23:35:16.227000-04:00
Victor Wembanyama,SAS,Dunks,2.5,True,False,False,2026-06-13T20:40:00-04:00,2026-06-01T20:40:00-04:00,2026-06-11T01:12:28.967000-04:00
Victor Wembanyama,SAS,FG Attempted,19.5,True,False,False,2026-06-13T20:40:00-04:00,2026-06-10T21:46:00-04:00,2026-06-12T23:59:20.979000-04:00
Victor Wembanyama,SAS,FG Made,9.0,True,False,False,2026-06-13T20:40:00-04:00,2026-06-02T21:46:00-04:00,2026-06-12T13:34:18.896000-04:00
Victor Wembanyama,SAS,Fantasy Score,58.5,True,False,False,2026-06-13T20:40:00-04:00,2026-06-09T16:33:00-04:00,2026-06-12T00:36:20.775000-04:00
Victor Wembanyama,SAS,Free Throws Attempted,8.5,True,False,False,2026-06-13T20:40:00-04:00,2026-06-10T07:31:00-04:00,2026-06-11T07:37:28.833000-04:00
Victor Wembanyama,SAS,Free Throws Made,7.5,True,False,False,2026-06-13T20:40:00-04:00,2026-06-01T20:40:00-04:00,2026-06-11T15:16:53.050000-04:00
Victor Wembanyama,SAS,Offensive Rebounds,2.5,False,False,False,2026-06-13T20:40:00-04:00,2026-06-02T18:38:00-04:00,2026-06-12T23:58:04.091000-04:00
Victor Wembanyama,SAS,Personal Fouls,2.5,False,False,False,2026-06-13T20:40:00-04:00,2026-06-10T07:31:00-04:00,2026-06-11T07:37:20.997000-04:00
Victor Wembanyama,SAS,Points,28.0,True,False,False,2026-06-13T20:40:00-04:00,2026-06-10T23:37:16.846000-04:00,2026-06-12T19:42:46.710000-04:00
Victor Wembanyama,SAS,Points - 1st 3 Minutes,4.5,False,False,False,2026-06-13T20:40:00-04:00,2026-06-10T23:48:34.383000-04:00,2026-06-10T23:46:34.832000-04:00
Victor Wembanyama,SAS,Pts+Asts,31.5,True,False,False,2026-06-13T20:40:00-04:00,2026-06-10T23:37:17.386000-04:00,2026-06-11T00:49:19.080000-04:00
Victor Wembanyama,SAS,Pts+Rebs,39.5,True,False,False,2026-06-13T20:40:00-04:00,2026-06-10T23:37:17.820000-04:00,2026-06-10T23:35:18.114000-04:00
Victor Wembanyama,SAS,Pts+Rebs+Asts,43.5,True,False,False,2026-06-13T20:40:00-04:00,2026-06-10T23:48:35.025000-04:00,2026-06-11T08:54:27.320000-04:00
Victor Wembanyama,SAS,Quarters with 3+ Points,3.5,False,False,False,2026-06-13T20:40:00-04:00,2026-06-05T16:33:00-04:00,2026-06-11T19:22:13.117000-04:00
Victor Wembanyama,SAS,Quarters with 5+ Points,3.5,False,False,False,2026-06-13T20:40:00-04:00,2026-06-05T16:33:00-04:00,2026-06-11T19:22:13.117000-04:00
Victor Wembanyama,SAS,Rebounds,11.5,True,False,False,2026-06-13T20:40:00-04:00,2026-06-10T23:37:18.920000-04:00,2026-06-10T23:43:05.346000-04:00
Victor Wembanyama,SAS,Rebounds - 1st 3 Minutes,2.5,False,False,False,2026-06-13T20:40:00-04:00,2026-06-10T23:48:36.017000-04:00,2026-06-10T23:46:36.260000-04:00
Victor Wembanyama,SAS,Rebs+Asts,15.0,True,False,False,2026-06-13T20:40:00-04:00,2026-06-10T23:37:19.468000-04:00,2026-06-10T23:56:06.439000-04:00
Victor Wembanyama,SAS,Steals,0.5,False,False,False,2026-06-13T20:40:00-04:00,2026-06-10T23:37:19.774000-04:00,2026-06-10T23:35:20.042000-04:00
Victor Wembanyama,SAS,Turnovers,2.5,False,False,False,2026-06-13T20:40:00-04:00,2026-06-10T23:48:36.812000-04:00,2026-06-11T12:36:04.622000-04:00
Victor Wembanyama,SAS,Two Pointers Attempted,13.5,True,False,False,2026-06-13T20:40:00-04:00,2026-06-09T21:46:00-04:00,2026-06-12T23:59:14.927000-04:00
Victor Wembanyama,SAS,Two Pointers Made,7.0,True,False,False,2026-06-13T20:40:00-04:00,2026-06-09T21:46:00-04:00,2026-06-11T21:48:06.772000-04:00
