player_name,player_key,team,opponent,stat,line,sportsbook,over_odds,under_odds,mean,median,floor,ceiling,stddev,p10,p50,p90,over_hit_rate,under_hit_rate,projected_minutes,confidence,confidence_label,model_projection,line_delta
A'ja Wilson,a'ja wilson,LVA,IND,points,27.5,prizepicks,,,24.18375803392378,23.297881591112443,14.261251223230389,35.24487224405897,8.265419812153917,14.261251223230389,23.297881591112443,35.24487224405897,0.3091,0.6909,34.98483606406694,low,Low,22.691441018577073,-3.3162419660762197
A'ja Wilson,a'ja wilson,LVA,IND,rebounds,10.0,prizepicks,,,9.362246568183432,8.703088885305604,4.667304820617678,14.857124705624981,4.151892862709547,4.667304820617678,8.703088885305604,14.857124705624981,0.3813,0.6187,34.98483606406694,low,Low,9.033234948370215,-0.6377534318165683
A'ja Wilson,a'ja wilson,LVA,IND,steals,1.5,prizepicks,,,1.332,1.0,0.0,3.0,1.1836283200396989,0.0,1.0,3.0,0.3822,0.6178,34.98483606406694,low,Low,1.2461864338618711,-0.16799999999999993
A'ja Wilson,a'ja wilson,LVA,IND,pra,41.0,prizepicks,,,40.28814825617912,39.407122124590124,26.556339371652065,55.10400497704941,11.234778888704323,26.556339371652065,39.407122124590124,55.10400497704941,0.4443,0.5557,34.98483606406694,low,Low,38.35881231464969,-0.7118517438208798
A'ja Wilson,a'ja wilson,LVA,IND,pr,37.5,prizepicks,,,36.426856075291255,35.456708315720675,23.536365559426542,50.53073955178819,10.633472379004427,23.536365559426542,35.456708315720675,50.53073955178819,0.427,0.573,34.98483606406694,low,Low,34.458205099582585,-1.073143924708745
A'ja Wilson,a'ja wilson,LVA,IND,pa,31.0,prizepicks,,,29.829879307474183,28.886346936986467,18.50897983226102,42.43471596376634,9.477369345653965,18.50897983226102,28.886346936986467,42.43471596376634,0.4103,0.5897,34.98483606406694,low,Low,28.266219099480104,-1.170120692525817
Aliyah Boston,aliyah boston,IND,LVA,points,16.5,prizepicks,,,15.440302921982132,15.268296189420745,6.666528190138947,24.47325339666747,6.766759089876034,6.666528190138947,15.268296189420745,24.47325339666747,0.4297,0.5703,24.592449197306728,low,Low,18.36043504846706,-1.0596970780178676
Aliyah Boston,aliyah boston,IND,LVA,rebounds,9.0,prizepicks,,,7.32988174362735,7.002869349369883,2.964387130278081,12.081744860172714,3.5588299227785756,2.964387130278081,7.002869349369883,12.081744860172714,0.2955,0.7045,24.592449197306728,low,Low,8.821341141255957,-1.6701182563726498
Aliyah Boston,aliyah boston,IND,LVA,pra,28.5,prizepicks,,,21.178173097387933,20.990196446164298,9.027777651535834,33.42782985512545,9.171829580651316,9.027777651535834,20.990196446164298,33.42782985512545,0.2208,0.7792,24.592449197306728,low,Low,25.43598675474281,-7.321826902612067
Aliyah Boston,aliyah boston,IND,LVA,pr,25.5,prizepicks,,,19.48306372789978,19.276666810635394,8.444278871366707,30.654409660749074,8.39901378603291,8.444278871366707,19.276666810635394,30.654409660749074,0.2401,0.7599,24.592449197306728,low,Low,23.258089661144112,-6.016936272100221
Aliyah Boston,aliyah boston,IND,LVA,pa,19.5,prizepicks,,,14.52032508374773,14.342140610569682,6.083207644456604,23.062614777805067,6.434898154497646,6.083207644456604,14.342140610569682,23.062614777805067,0.2239,0.7761,24.592449197306728,low,Low,17.43044933361723,-4.97967491625227
Aliyah Boston,aliyah boston,IND,LVA,ra,12.0,prizepicks,,,10.16868174362735,9.736913774986169,3.9268420795841856,16.781870031259974,5.012030858000312,3.9268420795841856,9.736913774986169,16.781870031259974,0.3345,0.6655,24.592449197306728,low,Low,,-1.8313182563726507
Bridget Carleton,bridget carleton,POR,TOR,points,15.5,prizepicks,,,13.170775572757208,12.177779669197056,6.205014061072497,21.37369113146787,6.107363580807051,6.205014061072497,12.177779669197056,21.37369113146787,0.3017,0.6983,33.2814484691261,low,Low,13.51817226537388,-2.329224427242792
Bridget Carleton,bridget carleton,POR,TOR,rebounds,4.0,prizepicks,,,3.8289473353546803,3.4710101485393725,1.6670110182352353,6.4360288421537195,1.9566853423710124,1.6670110182352353,3.4710101485393725,6.4360288421537195,0.3923,0.6077,33.2814484691261,low,Low,3.9454091576587142,-0.17105266464531965
Bridget Carleton,bridget carleton,POR,TOR,steals,1.5,prizepicks,,,1.1027,1.0,0.0,3.0,1.1868246332125063,0.0,1.0,3.0,0.2947,0.7053,33.2814484691261,low,Low,0.9764569363200828,-0.3973
Bridget Carleton,bridget carleton,POR,TOR,pra,23.5,prizepicks,,,20.607331093919875,19.72785610145981,11.667406524279212,30.640389201887768,7.582271103817077,11.667406524279212,19.72785610145981,30.640389201887768,0.314,0.686,33.2814484691261,low,Low,21.312974822114064,-2.892668906080125
Bridget Carleton,bridget carleton,POR,TOR,pr,19.5,prizepicks,,,16.56452460326473,15.64171949224435,8.917178934235027,25.357171615665305,6.562626722620379,8.917178934235027,15.64171949224435,25.357171615665305,0.2828,0.7172,33.2814484691261,low,Low,17.016493226083092,-2.9354753967352707
Caitlin Clark,caitlin clark,IND,LVA,points,21.5,prizepicks,,,20.617663220900493,18.435202037178883,7.970204927877818,36.13920740274782,11.697800411226183,7.970204927877818,18.435202037178883,36.13920740274782,0.3911,0.6089,34.82329720126444,low,Low,20.23200977063399,-0.8823367790995071
Caitlin Clark,caitlin clark,IND,LVA,rebounds,4.0,prizepicks,,,4.598008502297711,4.037440703953054,1.6700753171401546,8.210903831670661,2.739950263171026,1.6700753171401546,4.037440703953054,8.210903831670661,0.5068,0.4932,34.82329720126444,low,Low,4.951261371119243,0.5980085022977111
Caitlin Clark,caitlin clark,IND,LVA,assists,8.5,prizepicks,,,7.514,7.0,4.0,12.0,3.1116882877306336,4.0,7.0,12.0,0.3448,0.6552,34.82329720126444,low,Low,7.888455098802427,-0.9859999999999998
Caitlin Clark,caitlin clark,IND,LVA,pra,35.0,prizepicks,,,31.936700612753963,29.822287172323467,17.51546566369523,49.078937688612044,12.875986694573081,17.51546566369523,29.822287172323467,49.078937688612044,0.3421,0.6579,34.82329720126444,low,Low,32.24923292728211,-3.063299387246037
Caitlin Clark,caitlin clark,IND,LVA,pr,25.5,prizepicks,,,22.88864285622547,20.873465103468554,10.6131973497203,37.69473090979482,11.184763786945885,10.6131973497203,20.873465103468554,37.69473090979482,0.3395,0.6605,34.82329720126444,low,Low,22.845930937088518,-2.61135714377453
Caitlin Clark,caitlin clark,IND,LVA,pa,31.0,prizepicks,,,28.024678259658977,25.885241118479826,14.288908428473338,44.69353619254898,12.45694020469412,14.288908428473338,25.885241118479826,44.69353619254898,0.3381,0.6619,34.82329720126444,low,Low,28.01426302878045,-2.9753217403410233
Caitlin Clark,caitlin clark,IND,LVA,ra,13.0,prizepicks,,,12.11200850229771,11.67097143060963,6.846602262539177,17.931799248661296,4.399812753679941,6.846602262539177,11.67097143060963,17.931799248661296,0.3797,0.6203,34.82329720126444,low,Low,,-0.8879914977022896
Carla Leite,carla leite,POR,TOR,points,17.5,prizepicks,,,16.785717493143455,15.918476581462095,9.059571811416419,25.60109586142221,6.571584985228526,9.059571811416419,15.918476581462095,25.60109586142221,0.4039,0.5961,30.66025262977137,low,Low,16.091464783733887,-0.714282506856545
Carla Leite,carla leite,POR,TOR,rebounds,2.5,prizepicks,,,2.8796365276755838,2.527494554832527,1.0072630513982435,5.181966932041416,1.7677909281062152,1.0072630513982435,2.527494554832527,5.181966932041416,0.5074,0.4926,30.66025262977137,low,Low,3.043156619038849,0.37963652767558376
Carla Leite,carla leite,POR,TOR,assists,8.0,prizepicks,,,6.9871,7.0,3.0,11.0,3.214456966580825,3.0,7.0,11.0,0.2915,0.598,30.66025262977137,low,Low,6.744047524821738,-1.0129000000000001
Carla Leite,carla leite,POR,TOR,steals,0.5,prizepicks,,,0.7639,0.0,0.0,2.0,1.0835851558599352,0.0,0.0,2.0,0.4601,0.5399,30.66025262977137,low,Low,0.7956037152627501,0.2639
Carla Leite,carla leite,POR,TOR,pra,28.5,prizepicks,,,28.077754618884658,27.45407896192479,16.76359761365837,40.25713888966439,9.258534183818664,16.76359761365837,27.45407896192479,40.25713888966439,0.4516,0.5484,30.66025262977137,low,Low,27.274961703418324,-0.42224538111534216
Carla Leite,carla leite,POR,TOR,pr,20.5,prizepicks,,,20.287348203239677,19.47911224078106,11.524993037990148,30.18967227887456,7.385499305073178,11.524993037990148,19.47911224078106,30.18967227887456,0.4465,0.5535,30.66025262977137,low,Low,19.7435170502531,-0.21265179676032275
Carla Leite,carla leite,POR,TOR,pa,25.5,prizepicks,,,25.22925012287379,24.466441873306557,14.728189628042996,36.768251381706264,8.691922218959975,14.728189628042996,24.466441873306557,36.768251381706264,0.4521,0.5479,30.66025262977137,low,Low,24.232780818622402,-0.27074987712621024
Carla Leite,carla leite,POR,TOR,ra,10.5,prizepicks,,,9.866736527675585,9.494290561754948,5.008789828358768,15.160862055675969,3.965902117126333,5.008789828358768,9.494290561754948,15.160862055675969,0.4072,0.5928,30.66025262977137,low,Low,,-0.6332634723244155
Chelsea Gray,chelsea gray,LVA,IND,points,12.0,prizepicks,,,12.583409697854927,11.866676846437738,6.891213155271729,19.086286298578383,4.937881065598536,6.891213155271729,11.866676846437738,19.086286298578383,0.4876,0.5124,30.93149958149811,medium,Medium,12.78786559312811,0.5834096978549272
Chelsea Gray,chelsea gray,LVA,IND,assists,6.5,prizepicks,,,6.2262,6.0,3.0,10.0,2.689950475380541,3.0,6.0,10.0,0.4254,0.5746,30.93149958149811,medium,Medium,6.210357727070846,-0.2737999999999996
Chelsea Gray,chelsea gray,LVA,IND,pra,22.0,prizepicks,,,22.277891770060183,21.591211995066363,14.661895054632707,30.77115393067238,6.462414208320011,14.661895054632707,21.591211995066363,30.77115393067238,0.4727,0.5273,30.93149958149811,medium,Medium,22.65662925610985,0.27789177006018306
Chelsea Gray,chelsea gray,LVA,IND,pr,15.0,prizepicks,,,15.998564373855654,15.275743290048268,9.496804274435569,23.347481708116536,5.6122354864351465,9.496804274435569,15.275743290048268,23.347481708116536,0.5208,0.4792,30.93149958149811,medium,Medium,16.402467518165864,0.998564373855654
Chelsea Gray,chelsea gray,LVA,IND,pa,18.5,prizepicks,,,19.77384174028162,19.074160539542227,12.514873841165805,27.846022667396944,6.154138723896891,12.514873841165805,19.074160539542227,27.846022667396944,0.5439,0.4561,30.93149958149811,medium,Medium,19.97010798597804,1.2738417402816182
Chelsea Gray,chelsea gray,LVA,IND,ra,9.5,prizepicks,,,8.5669185651968,8.30420780236021,4.796480719586499,12.700186152129787,3.0989641128160583,4.796480719586499,8.30420780236021,12.700186152129787,0.3561,0.6439,30.93149958149811,medium,Medium,,-0.9330814348031993
Courtney Williams,courtney williams,MIN,LAS,points,13.5,prizepicks,,,14.26924583719736,13.173068063693464,7.021061520939479,22.851024598830413,6.527540095576112,7.021061520939479,13.173068063693464,22.851024598830413,0.4769,0.5231,25.650239547755348,low,Low,16.482593509846392,0.7692458371973601
Courtney Williams,courtney williams,MIN,LAS,rebounds,4.0,prizepicks,,,4.855672643723102,4.146286029984658,1.5027944539334568,9.174312170300382,3.195053079718317,1.5027944539334568,4.146286029984658,9.174312170300382,0.522,0.478,25.650239547755348,low,Low,5.489711770411119,0.8556726437231017
Courtney Williams,courtney williams,MIN,LAS,assists,4.0,prizepicks,,,4.8491,5.0,2.0,8.0,2.530519549420632,2.0,5.0,8.0,0.5169,0.3221,25.650239547755348,low,Low,5.322361805871518,0.8491
Courtney Williams,courtney williams,MIN,LAS,pra,21.5,prizepicks,,,19.256850510908993,18.377499083422574,11.043377721634066,28.55352516133235,7.023845963660258,11.043377721634066,18.377499083422574,28.55352516133235,0.3358,0.6642,25.650239547755348,low,Low,21.903364237148004,-2.2431494890910066
Courtney Williams,courtney williams,MIN,LAS,pr,17.5,prizepicks,,,15.54998514945569,14.666602598406918,8.324908119366295,23.94889295768322,6.300854296296916,8.324908119366295,14.666602598406918,23.94889295768322,0.3277,0.6723,25.650239547755348,low,Low,17.860825414340844,-1.95001485054431
Courtney Williams,courtney williams,MIN,LAS,pa,17.5,prizepicks,,,15.104466872244535,14.364869396355388,8.321995323545842,22.96955315529816,5.92380825978598,8.321995323545842,14.364869396355388,22.96955315529816,0.3015,0.6985,25.650239547755348,low,Low,17.20762930543062,-2.3955331277554652
Dearica Hamby,dearica hamby,LAS,MIN,points,14.5,prizepicks,,,16.00561541375642,15.709163293604394,11.740205200914405,20.613047796136062,3.513423485185471,11.740205200914405,15.709163293604394,20.613047796136062,0.6407,0.3593,29.553324695787627,medium,Medium,14.280182261421764,1.50561541375642
Dearica Hamby,dearica hamby,LAS,MIN,rebounds,7.0,prizepicks,,,6.534240298642535,6.151095860052235,3.6041200499431447,9.962367143384634,2.5621839939580866,3.6041200499431447,6.151095860052235,9.962367143384634,0.3721,0.6279,29.553324695787627,medium,Medium,6.336700065763768,-0.4657597013574648
Dearica Hamby,dearica hamby,LAS,MIN,assists,2.5,prizepicks,,,2.8876,3.0,1.0,5.0,1.7874468495594493,1.0,3.0,5.0,0.5402,0.4598,29.553324695787627,medium,Medium,2.5685127314999567,0.38759999999999994
Dearica Hamby,dearica hamby,LAS,MIN,steals,1.5,prizepicks,,,1.5955,1.0,0.0,3.0,1.2938623381179313,0.0,1.0,3.0,0.4706,0.5294,29.553324695787627,medium,Medium,1.3369092475384408,0.09549999999999992
Dearica Hamby,dearica hamby,LAS,MIN,pra,24.5,prizepicks,,,26.78427282044022,26.365044410159726,19.97718206925915,34.26696355884989,5.6136011331679745,19.97718206925915,26.365044410159726,34.26696355884989,0.6354,0.3646,29.553324695787627,medium,Medium,24.416723106128426,2.2842728204402185
Dearica Hamby,dearica hamby,LAS,MIN,pr,21.5,prizepicks,,,24.827219320706806,24.383500955977098,18.514632730989305,31.859873955864334,5.259533412170473,18.514632730989305,24.383500955977098,31.859873955864334,0.7193,0.2807,29.553324695787627,medium,Medium,22.687885032211756,3.3272193207068064
Dearica Hamby,dearica hamby,LAS,MIN,pa,16.5,prizepicks,,,19.3394331143023,19.061360776831066,14.100585729807841,24.90208255701416,4.236614649494935,14.100585729807841,19.061360776831066,24.90208255701416,0.7402,0.2598,29.553324695787627,medium,Medium,17.246636000571492,2.839433114302299
Dearica Hamby,dearica hamby,LAS,MIN,ra,10.0,prizepicks,,,9.421840298642536,9.06350534648964,5.611468138987204,13.704154024451048,3.2387909317646235,5.611468138987204,9.06350534648964,13.704154024451048,0.3867,0.6133,29.553324695787627,medium,Medium,,-0.578159701357464
Emily Engstler,emily engstler,POR,TOR,points,9.5,prizepicks,,,9.330080602950696,8.944999220898424,5.652169527199238,13.458672876689874,3.0918831405496854,5.652169527199238,8.944999220898424,13.458672876689874,0.4295,0.5705,25.827636234425984,low,Low,8.488939696788618,-0.1699193970493038
Emily Engstler,emily engstler,POR,TOR,rebounds,5.5,prizepicks,,,5.574889073964665,4.740196704969803,1.7787920974370792,10.395903916637927,3.7315504499515066,1.7787920974370792,4.740196704969803,10.395903916637927,0.4159,0.5841,25.827636234425984,low,Low,4.912586098990881,0.07488907396466526
Emily Engstler,emily engstler,POR,TOR,assists,2.5,prizepicks,,,3.1898,3.0,1.0,6.0,2.311617606785344,1.0,3.0,6.0,0.5532,0.4468,25.827636234425984,low,Low,3.086973683837636,0.6898
Emily Engstler,emily engstler,POR,TOR,pra,18.0,prizepicks,,,20.203364443937875,19.385277595295165,12.302247219087288,28.97401951593779,6.809385258726032,12.302247219087288,19.385277595295165,28.97401951593779,0.585,0.415,25.827636234425984,low,Low,18.400432473560937,2.2033644439378754
Emily Engstler,emily engstler,POR,TOR,pr,14.5,prizepicks,,,16.5047646299768,15.720823815336693,9.877997148143997,24.02827366069656,5.828787408391821,9.877997148143997,15.720823815336693,24.02827366069656,0.5901,0.4099,25.827636234425984,low,Low,14.846889772600726,2.004764629976801
Emily Engstler,emily engstler,POR,TOR,pa,11.5,prizepicks,,,14.281539834372909,13.825965789876108,8.648330012634897,20.60862146589762,4.723880183634279,8.648330012634897,13.825965789876108,20.60862146589762,0.6991,0.3009,25.827636234425984,low,Low,13.187700544376723,2.781539834372909
Emily Engstler,emily engstler,POR,TOR,ra,8.0,prizepicks,,,8.764689073964666,7.987677075698281,3.7294853820710356,14.642301027893222,4.565311715225499,3.7294853820710356,7.987677075698281,14.642301027893222,0.4991,0.5009,25.827636234425984,low,Low,,0.7646890739646661
Jackie Young,jackie young,LVA,IND,points,18.5,prizepicks,,,17.729722802559444,16.405130782949655,8.36165801338827,29.020220820532273,8.267912266236838,8.36165801338827,16.405130782949655,29.020220820532273,0.4024,0.5976,34.9635068472965,low,Low,18.371182816515734,-0.7702771974405564
Jackie Young,jackie young,LVA,IND,rebounds,4.5,prizepicks,,,3.7722798917305735,2.9147536191521572,0.6570542501747213,8.041533691307869,3.3021470647965656,0.6570542501747213,2.9147536191521572,8.041533691307869,0.3051,0.6949,34.9635068472965,low,Low,4.221422165780192,-0.7277201082694265
Jackie Young,jackie young,LVA,IND,assists,6.5,prizepicks,,,6.2623,6.0,2.0,11.0,3.542357789664957,2.0,6.0,11.0,0.4162,0.5838,34.9635068472965,low,Low,6.4412484789470605,-0.23770000000000024
Jackie Young,jackie young,LVA,IND,pra,30.5,prizepicks,,,27.78862585081391,26.520567091499508,15.767147035758258,41.47127750813112,10.226948746511107,15.767147035758258,26.520567091499508,41.47127750813112,0.3519,0.6481,34.9635068472965,low,Low,29.0594890262074,-2.7113741491860885
Jackie Young,jackie young,LVA,IND,pr,23.5,prizepicks,,,21.257350205719735,20.005153071388122,10.831334114429538,33.264059575014706,9.012485970135955,10.831334114429538,20.005153071388122,33.264059575014706,0.3521,0.6479,34.9635068472965,low,Low,22.332906699179375,-2.242649794280265
Jackie Young,jackie young,LVA,IND,pa,25.5,prizepicks,,,24.38654514809879,23.17159504455563,13.33595280101643,37.25368996798144,9.536727567588333,13.33595280101643,23.17159504455563,37.25368996798144,0.4021,0.5979,34.9635068472965,low,Low,25.219780345962867,-1.11345485190121
Jackie Young,jackie young,LVA,IND,ra,11.0,prizepicks,,,10.034579891730575,9.256650687802104,4.343953105261379,16.654089723793412,4.9867087329186885,4.343953105261379,9.256650687802104,16.654089723793412,0.362,0.638,34.9635068472965,low,Low,,-0.9654201082694254
Jewell Loyd,jewell loyd,LVA,IND,points,8.5,prizepicks,,,6.667627897071818,5.658417441264654,2.0426179163411717,12.522258666879894,4.4827873087943475,2.0426179163411717,5.658417441264654,12.522258666879894,0.2697,0.7303,25.162006791485627,medium,Medium,5.797093679838769,-1.8323721029281819
Jewell Loyd,jewell loyd,LVA,IND,pra,11.5,prizepicks,,,15.094016811432526,13.60970066928749,6.648842743750831,25.2282154946674,7.799223417419674,6.648842743750831,13.60970066928749,25.2282154946674,0.6289,0.3711,25.162006791485627,medium,Medium,13.593109642873635,3.5940168114325264
Kayla McBride,kayla mcbride,MIN,LAS,points,17.5,prizepicks,,,20.125013751766154,19.13823922506721,11.982154572384562,29.752757798084897,7.116523338431313,11.982154572384562,19.13823922506721,29.752757798084897,0.6003,0.3997,32.68856287867048,low,Low,18.57056261329632,2.6250137517661543
Kayla McBride,kayla mcbride,MIN,LAS,rebounds,2.5,prizepicks,,,2.901168247885546,2.5177758299884268,0.9935042258489536,5.262181914728478,1.817302474635774,0.9935042258489536,2.5177758299884268,5.262181914728478,0.5054,0.4946,32.68856287867048,low,Low,3.121499937302149,0.40116824788554606
Kayla McBride,kayla mcbride,MIN,LAS,pra,22.5,prizepicks,,,26.81476518388628,25.832683418745397,17.169847794873775,37.96737594516609,8.265013492929867,17.169847794873775,25.832683418745397,37.96737594516609,0.6736,0.3264,32.68856287867048,low,Low,25.601305511410104,4.31476518388628
Kayla McBride,kayla mcbride,MIN,LAS,pr,20.5,prizepicks,,,23.021406839714448,22.030148033462822,14.385240353924278,33.137711034106154,7.484495514762647,14.385240353924278,22.030148033462822,33.137711034106154,0.5889,0.4111,32.68856287867048,low,Low,21.687474550402776,2.521406839714448
Kayla McBride,kayla mcbride,MIN,LAS,pa,19.5,prizepicks,,,24.515093287550744,23.48217935414337,15.021411592712278,35.340848172971974,8.131899768040341,15.021411592712278,23.48217935414337,35.340848172971974,0.7104,0.2896,32.68856287867048,low,Low,23.022495341094974,5.015093287550744
Kayla McBride,kayla mcbride,MIN,LAS,ra,4.5,prizepicks,,,5.026068247885545,4.697594791968329,2.248073743188331,8.151572022484812,2.3890958763539896,2.248073743188331,4.697594791968329,8.151572022484812,0.537,0.463,32.68856287867048,low,Low,,0.5260682478855454
Kelsey Mitchell,kelsey mitchell,IND,LVA,points,24.0,prizepicks,,,23.88807274719988,23.774063658465877,18.7298769243481,29.24392967858723,4.07175475699161,18.7298769243481,23.774063658465877,29.24392967858723,0.4786,0.5214,33.02544266816648,low,Low,22.293639029987023,-0.11192725280011828
Kelsey Mitchell,kelsey mitchell,IND,LVA,pra,28.5,prizepicks,,,28.08590126608794,27.885417645560302,21.75823357724873,34.76841660321543,5.094606054724254,21.75823357724873,27.885417645560302,34.76841660321543,0.4521,0.5479,33.02544266816648,low,Low,27.041153240881542,-0.4140987339120592
Kelsey Mitchell,kelsey mitchell,IND,LVA,pr,26.5,prizepicks,,,24.695416133911813,24.526170663477952,19.3172574856386,30.299304810147763,4.272891813384733,19.3172574856386,24.526170663477952,30.299304810147763,0.3261,0.6739,33.02544266816648,low,Low,23.511767887306732,-1.804583866088187
Kelsey Mitchell,kelsey mitchell,IND,LVA,pa,26.5,prizepicks,,,25.922134009635503,25.70660047055116,20.0850072165214,32.099653793670505,4.711472486812615,20.0850072165214,25.70660047055116,32.099653793670505,0.4328,0.5672,33.02544266816648,low,Low,24.54921231505027,-0.5778659903644972
Maria Conde,maria conde,TOR,POR,points,10.5,prizepicks,,,11.72356977548557,10.703753065246957,5.13585925604229,19.83333437191363,6.018619625179029,5.13585925604229,10.703753065246957,19.83333437191363,0.5133,0.4867,26.99205528763015,medium,Medium,13.212288663747373,1.2235697754855703
Maria Conde,maria conde,TOR,POR,rebounds,4.0,prizepicks,,,5.249060945664604,4.589825513575777,1.8767099501259814,9.42064332294883,3.168446673876327,1.8767099501259814,4.589825513575777,9.42064332294883,0.5877,0.4123,26.99205528763015,medium,Medium,5.737221064209381,1.2490609456646036
Maria Conde,maria conde,TOR,POR,steals,0.5,prizepicks,,,0.896,1.0,0.0,2.0,1.0321744038678735,0.0,1.0,2.0,0.5626,0.4374,26.99205528763015,medium,Medium,1.0138901638225812,0.396
Maria Conde,maria conde,TOR,POR,pra,17.5,prizepicks,,,16.178436076503278,15.39045435777226,9.38780891115416,24.036330301649194,5.951180935184498,9.38780891115416,15.39045435777226,24.036330301649194,0.3623,0.6377,26.99205528763015,medium,Medium,17.882708076888246,-1.321563923496722
Maria Conde,maria conde,TOR,POR,pr,14.5,prizepicks,,,12.261304445250126,11.457324317036173,6.606899450729414,18.95244798393186,5.032128576292481,6.606899450729414,11.457324317036173,18.95244798393186,0.2838,0.7162,26.99205528763015,medium,Medium,13.686741997162066,-2.2386955547498744
Maria Conde,maria conde,TOR,POR,pa,13.5,prizepicks,,,11.946289999478289,11.166266449782494,6.100107728296708,18.83711322816163,5.192025001109977,6.100107728296708,11.166266449782494,18.83711322816163,0.329,0.671,26.99205528763015,medium,Medium,13.259007585610052,-1.5537100005217113
Marina Mabrey,marina mabrey,TOR,POR,points,19.5,prizepicks,,,18.038376711464743,16.60652419200634,8.459640276209239,29.468745275817447,8.624966800836829,8.459640276209239,16.60652419200634,29.468745275817447,0.368,0.632,29.266944220800106,low,Low,19.329135685969927,-1.4616232885352574
Marina Mabrey,marina mabrey,TOR,POR,threes_made,2.5,prizepicks,,,2.3516,2.0,0.0,5.0,1.7446998137215468,0.0,2.0,5.0,0.4026,0.5974,29.266944220800106,low,Low,2.5322776255836352,-0.1484000000000001
Marina Mabrey,marina mabrey,TOR,POR,pra,27.5,prizepicks,,,24.917528296772918,23.518979590464404,14.167121875958628,37.30344498090053,9.459132662022002,14.167121875958628,23.518979590464404,37.30344498090053,0.3424,0.6576,29.266944220800106,low,Low,27.045649687804403,-2.582471703227082
Marina Mabrey,marina mabrey,TOR,POR,pr,23.5,prizepicks,,,20.24444556344825,18.842586680777814,10.468912641424785,31.529014024285598,8.655806203976177,10.468912641424785,18.842586680777814,31.529014024285598,0.3037,0.6963,29.266944220800106,low,Low,21.77693849822638,-3.2555544365517513
Marina Mabrey,marina mabrey,TOR,POR,pa,24.5,prizepicks,,,21.838020041236053,20.40134179808785,11.632589832298287,33.81352194060975,9.05853645022498,11.632589832298287,20.40134179808785,33.81352194060975,0.3289,0.6711,29.266944220800106,low,Low,23.65836208956019,-2.661979958763947
Marina Mabrey,marina mabrey,TOR,POR,ra,7.5,prizepicks,,,6.896338801461924,6.492823101857547,3.3280145269820647,11.071137763060376,3.1074961046480207,3.3280145269820647,6.492823101857547,11.071137763060376,0.3739,0.6261,29.266944220800106,low,Low,,-0.6036611985380764
Megan DiLeo,megan dileo,POR,TOR,points,15.5,prizepicks,,,14.7739435537742,14.014309981817759,7.879508607872886,22.76584976694531,5.9279707463406455,7.879508607872886,14.014309981817759,22.76584976694531,0.4013,0.5987,27.20839164418928,low,Low,15.85192184654205,-0.7260564462257992
Megan DiLeo,megan dileo,POR,TOR,rebounds,4.5,prizepicks,,,4.334813376196019,3.911710324836061,1.794175950975073,7.439283449163721,2.3489224779610756,1.794175950975073,3.911710324836061,7.439283449163721,0.3954,0.6046,27.20839164418928,low,Low,4.615863122357938,-0.1651866238039812
Megan DiLeo,megan dileo,POR,TOR,steals,0.5,prizepicks,,,0.7983,1.0,0.0,2.0,0.9762259523286604,0.0,1.0,2.0,0.5161,0.4839,27.20839164418928,low,Low,0.8522219737695393,0.2983
Megan DiLeo,megan dileo,POR,TOR,pra,20.5,prizepicks,,,19.40357126597334,18.78909297050989,11.1506668834177,28.679823999286395,6.872103592475185,11.1506668834177,18.78909297050989,28.679823999286395,0.3969,0.6031,27.20839164418928,low,Low,21.06338663392713,-1.0964287340266594
Megan DiLeo,megan dileo,POR,TOR,pr,19.5,prizepicks,,,17.560952363901748,16.903896395897654,9.954908234978765,26.151877062216514,6.377703845178424,9.954908234978765,16.903896395897654,26.151877062216514,0.3418,0.6582,27.20839164418928,low,Low,18.80996898718417,-1.9390476360982518
Monique Billings,monique billings,IND,LVA,points,8.5,prizepicks,,,9.348972473711815,8.243240477048221,3.468182648057845,16.59428445744282,5.4938198368630005,3.468182648057845,8.243240477048221,16.59428445744282,0.4789,0.5211,24.534262937934425,medium,Medium,9.514012728595931,0.8489724737118145
Monique Billings,monique billings,IND,LVA,rebounds,5.5,prizepicks,,,6.473149614061721,5.950463857498523,3.0455593663163416,10.556740244443672,3.0800754394616323,3.0455593663163416,5.950463857498523,10.556740244443672,0.5639,0.4361,24.534262937934425,medium,Medium,6.341375294598912,0.9731496140617208
Monique Billings,monique billings,IND,LVA,pra,16.5,prizepicks,,,18.391757040058717,17.222590889935926,9.96271436105548,28.416537161113972,7.579473243115965,9.96271436105548,17.222590889935926,28.416537161113972,0.5393,0.4607,24.534262937934425,medium,Medium,18.44061689274237,1.8917570400587174
Monique Billings,monique billings,IND,LVA,pr,14.5,prizepicks,,,16.66076216206827,15.456263540111095,8.645756626370098,26.20107995667754,7.248269910924526,8.645756626370098,15.456263540111095,26.20107995667754,0.5582,0.4418,24.534262937934425,medium,Medium,16.70453747362577,2.16076216206827
Monique Billings,monique billings,IND,LVA,pa,10.5,prizepicks,,,11.810106516554503,10.635630989367819,5.00588207336714,19.947556132508723,6.232122509972174,5.00588207336714,10.635630989367819,19.947556132508723,0.5123,0.4877,24.534262937934425,medium,Medium,11.993415682186665,1.3101065165545034
Monique Billings,monique billings,IND,LVA,ra,7.5,prizepicks,,,8.084649614061721,7.604597043752584,4.048123486767042,12.722277366823658,3.5142306685185103,4.048123486767042,7.604597043752584,12.722277366823658,0.5133,0.4867,24.534262937934425,medium,Medium,,0.5846496140617212
NaLyssa Smith,nalyssa smith,LVA,IND,points,12.0,prizepicks,,,15.052211205477008,13.802253730726598,6.7934573646129115,24.838522147506023,7.416845958985847,6.7934573646129115,13.802253730726598,24.838522147506023,0.607,0.393,24.851760097939472,medium,Medium,15.751182701605773,3.0522112054770076
NaLyssa Smith,nalyssa smith,LVA,IND,rebounds,5.0,prizepicks,,,6.347119592206318,5.995329737228007,3.4780317107399465,9.739301525742114,2.5363910320604264,3.4780317107399465,5.995329737228007,9.739301525742114,0.6654,0.3346,24.851760097939472,medium,Medium,6.88271583402075,1.347119592206318
NaLyssa Smith,nalyssa smith,LVA,IND,pra,19.5,prizepicks,,,18.654088293891675,17.68500576585646,10.411526772332104,28.15909303529098,7.155311567995183,10.411526772332104,17.68500576585646,28.15909303529098,0.3908,0.6092,24.851760097939472,medium,Medium,19.919458570180026,-0.8459117061083248
NaLyssa Smith,nalyssa smith,LVA,IND,pr,18.5,prizepicks,,,17.650755712006248,16.656119272361398,9.682781074697463,26.91891003958828,6.978253693826154,9.682781074697463,16.656119272361398,26.91891003958828,0.388,0.612,24.851760097939472,medium,Medium,18.664917730092174,-0.8492442879937521
Napheesa Collier,napheesa collier,MIN,LAS,points,18.5,prizepicks,,,18.878672645016408,18.407426520732322,12.871025997672799,25.415659097340065,5.048310586666061,12.871025997672799,18.407426520732322,25.415659097340065,0.4918,0.5082,24.577711141360034,medium,Medium,18.42962050263373,0.3786726450164082
Napheesa Collier,napheesa collier,MIN,LAS,rebounds,7.0,prizepicks,,,7.432658605676754,7.120579870453479,4.273580743786624,10.996883713867142,2.6752383241645923,4.273580743786624,7.120579870453479,10.996883713867142,0.5176,0.4824,24.577711141360034,medium,Medium,7.349675779689662,0.43265860567675407
Napheesa Collier,napheesa collier,MIN,LAS,assists,2.5,prizepicks,,,2.5745,2.0,1.0,5.0,1.676737829835064,1.0,2.0,5.0,0.4708,0.5292,24.577711141360034,medium,Medium,2.8089667436393375,0.07450000000000001
Napheesa Collier,napheesa collier,MIN,LAS,pra,28.5,prizepicks,,,21.179440368238094,20.839670474841583,15.525062566358919,27.27870291056054,4.692438445753192,15.525062566358919,20.839670474841583,27.27870291056054,0.0706,0.9294,24.577711141360034,medium,Medium,20.962372756852343,-7.320559631761906
Napheesa Collier,napheesa collier,MIN,LAS,pr,26.5,prizepicks,,,16.88535234567844,16.551069966754405,12.1905302142752,21.900127385036022,3.8687792836588595,12.1905302142752,16.551069966754405,21.900127385036022,0.0159,0.9841,24.577711141360034,medium,Medium,16.547196482932797,-9.614647654321558
Napheesa Collier,napheesa collier,MIN,LAS,pa,21.5,prizepicks,,,16.905877871691864,16.527643551072014,11.78304149600907,22.512293952359432,4.284087565098364,11.78304149600907,16.527643551072014,22.512293952359432,0.1383,0.8617,24.577711141360034,medium,Medium,16.72246099074343,-4.594122128308136
Napheesa Collier,napheesa collier,MIN,LAS,ra,9.5,prizepicks,,,10.007158605676752,9.6763217692626,6.12436976013619,14.3185222344693,3.239247312885955,6.12436976013619,9.6763217692626,14.3185222344693,0.5237,0.4763,24.577711141360034,medium,Medium,,0.5071586056767519
Natasha Howard,natasha howard,MIN,LAS,points,12.5,prizepicks,,,10.742830999970272,10.357472309283885,6.823585449994617,15.228149641162812,3.3485567112446137,6.823585449994617,10.357472309283885,15.228149641162812,0.2677,0.7323,27.7510166693909,medium,Medium,10.695204443458387,-1.7571690000297284
Natasha Howard,natasha howard,MIN,LAS,rebounds,6.0,prizepicks,,,6.509895936042532,6.028985082357153,3.2082014258873985,10.43900276155543,2.954729694392288,3.2082014258873985,6.028985082357153,10.43900276155543,0.5049,0.4951,27.7510166693909,medium,Medium,6.244209077424307,0.5098959360425317
Natasha Howard,natasha howard,MIN,LAS,pra,21.5,prizepicks,,,23.726762498782236,23.083962314902706,15.956695470796111,32.36175156489803,6.507190057654382,15.956695470796111,23.083962314902706,32.36175156489803,0.5993,0.4007,27.7510166693909,medium,Medium,23.294251174761833,2.226762498782236
Natasha Howard,natasha howard,MIN,LAS,pr,18.5,prizepicks,,,19.867567524006702,19.269684420682545,13.107348176611714,27.373070478279786,5.6763415263255945,13.107348176611714,19.269684420682545,27.373070478279786,0.5566,0.4434,27.7510166693909,medium,Medium,19.502350956393038,1.3675675240067022
Natasha Howard,natasha howard,MIN,LAS,pa,15.5,prizepicks,,,16.38302913327868,15.904946934390669,10.56763875569114,22.82133904967319,4.872980201594675,10.56763875569114,15.904946934390669,22.82133904967319,0.5347,0.4653,27.7510166693909,medium,Medium,16.259760884509475,0.8830291332786793
Natasha Howard,natasha howard,MIN,LAS,ra,9.0,prizepicks,,,9.658095936042532,9.17883847268227,5.308220582760352,14.682698188565181,3.7373812795247416,5.308220582760352,9.17883847268227,14.682698188565181,0.5173,0.4827,27.7510166693909,medium,Medium,,0.6580959360425318
Nneka Ogwumike,nneka ogwumike,LAS,MIN,points,17.5,prizepicks,,,18.874567517073462,18.446623202449523,12.816697154813394,25.44878178998088,4.95783788100524,12.816697154813394,18.446623202449523,25.44878178998088,0.5798,0.4202,34.646089465164124,low,Low,15.291987008027128,1.3745675170734621
Nneka Ogwumike,nneka ogwumike,LAS,MIN,rebounds,9.0,prizepicks,,,9.531458340888397,9.168344368308077,5.865186595799891,13.698577648860024,3.1600069002546416,5.865186595799891,9.168344368308077,13.698577648860024,0.5225,0.4775,34.646089465164124,low,Low,8.130818701294325,0.5314583408883973
Nneka Ogwumike,nneka ogwumike,LAS,MIN,pra,29.5,prizepicks,,,36.38084528056792,35.89149623353387,26.745497448487022,46.616971914515666,7.787900081521132,26.745497448487022,35.89149623353387,46.616971914515666,0.8089,0.1911,34.646089465164124,low,Low,29.838986803685117,6.880845280567918
Nneka Ogwumike,nneka ogwumike,LAS,MIN,pr,26.5,prizepicks,,,31.48112342452466,31.011770317293163,22.83610776597309,40.74353755008169,7.032249472351399,22.83610776597309,31.011770317293163,40.74353755008169,0.7519,0.2481,34.646089465164124,low,Low,25.95084291333697,4.981123424524661
Nneka Ogwumike,nneka ogwumike,LAS,MIN,pa,19.5,prizepicks,,,26.042304342572628,25.618347298447354,18.25261974860343,34.453041203986615,6.351057774467257,18.25261974860343,25.618347298447354,34.453041203986615,0.8516,0.1484,34.646089465164124,low,Low,21.014207907319182,6.542304342572628
Nneka Ogwumike,nneka ogwumike,LAS,MIN,ra,12.0,prizepicks,,,13.766958340888397,13.41357021740766,8.983932459656073,19.10699721123412,4.004056828857123,8.983932459656073,13.41357021740766,19.10699721123412,0.6428,0.3572,34.646089465164124,low,Low,,1.7669583408883973
Nyara Sabally,nyara sabally,TOR,POR,points,13.5,prizepicks,,,12.18877905006543,12.082435669293606,5.987038233876759,18.59321344078349,4.865237066654512,5.987038233876759,12.082435669293606,18.59321344078349,0.385,0.615,20.059002991687855,low,Low,12.853002040888075,-1.3112209499345706
Nyara Sabally,nyara sabally,TOR,POR,rebounds,5.0,prizepicks,,,4.025561751528256,3.464548039241522,1.2139481339838323,7.5233158580496085,2.680483574413739,1.2139481339838323,3.464548039241522,7.5233158580496085,0.2818,0.7182,20.059002991687855,low,Low,4.329216775598143,-0.9744382484717438
Nyara Sabally,nyara sabally,TOR,POR,pra,20.5,prizepicks,,,14.018350913924593,13.727048087212996,6.667820048305522,21.670802438661923,5.856822327656525,6.667820048305522,13.727048087212996,21.670802438661923,0.1334,0.8666,20.059002991687855,low,Low,14.951646593551002,-6.481649086075407
Nyara Sabally,nyara sabally,TOR,POR,pr,19.0,prizepicks,,,11.61493267310721,11.350129299327117,5.603863916049504,17.936554140241352,4.836574571656052,5.603863916049504,11.350129299327117,17.936554140241352,0.0714,0.9286,20.059002991687855,low,Low,12.31040781800715,-7.3850673268927896
Olivia Miles,olivia miles,MIN,LAS,points,19.5,prizepicks,,,20.050643640702827,18.846243144453965,10.67574077730509,30.904540157878802,8.213921533461287,10.67574077730509,18.846243144453965,30.904540157878802,0.4674,0.5326,30.15870324097255,low,Low,20.18790690441676,0.5506436407028268
Olivia Miles,olivia miles,MIN,LAS,rebounds,4.0,prizepicks,,,5.351121570375886,4.754412792299245,2.0502703988947735,9.420536832478858,3.040368927989068,2.0502703988947735,4.754412792299245,9.420536832478858,0.6118,0.3882,30.15870324097255,low,Low,5.381447188160324,1.351121570375886
Olivia Miles,olivia miles,MIN,LAS,assists,7.0,prizepicks,,,6.2359,6.0,3.0,10.0,3.0190480602335565,3.0,6.0,10.0,0.3058,0.5784,30.15870324097255,low,Low,6.228431785024819,-0.7641
Olivia Miles,olivia miles,MIN,LAS,pra,30.5,prizepicks,,,29.813858627540593,28.786161900033832,18.754554064504326,42.32965482542104,9.349088807153684,18.754554064504326,28.786161900033832,42.32965482542104,0.4269,0.5731,30.15870324097255,low,Low,29.964143038714855,-0.6861413724594065
Olivia Miles,olivia miles,MIN,LAS,pr,23.5,prizepicks,,,23.79150115936621,22.70025482394702,13.95962620869717,34.97880415431158,8.42875912818696,13.95962620869717,22.70025482394702,34.97880415431158,0.4637,0.5363,30.15870324097255,low,Low,23.94830500836005,0.29150115936620935
Olivia Miles,olivia miles,MIN,LAS,pa,26.5,prizepicks,,,24.67950239417269,23.624274185990092,14.674014010896911,35.96685609953164,8.56514159540096,14.674014010896911,23.624274185990092,35.96685609953164,0.3691,0.6309,30.15870324097255,low,Low,24.800680033602006,-1.8204976058273097
Rae Burrell,rae burrell,LAS,MIN,points,15.5,prizepicks,,,14.607226008849606,13.510982296299748,6.690210299333574,23.92659393590045,6.961569201721447,6.690210299333574,13.510982296299748,23.92659393590045,0.386,0.614,30.649223036122187,medium,Medium,14.340443288297465,-0.8927739911503938
Rae Burrell,rae burrell,LAS,MIN,assists,2.5,prizepicks,,,2.5057,2.0,1.0,5.0,1.635165896782342,1.0,2.0,5.0,0.4555,0.5445,30.649223036122187,medium,Medium,2.420960791139758,0.005700000000000038
Rae Burrell,rae burrell,LAS,MIN,pra,21.5,prizepicks,,,21.645899543719917,20.570735184089926,12.324748667166569,32.52287577175133,8.068927280555771,12.324748667166569,20.570735184089926,32.52287577175133,0.4488,0.5512,30.649223036122187,medium,Medium,21.646962809519884,0.1458995437199171
Rae Burrell,rae burrell,LAS,MIN,pr,18.0,prizepicks,,,19.421675141550928,18.210428685816638,10.32138623932045,30.15796774090189,7.9720057108147575,10.32138623932045,18.210428685816638,30.15796774090189,0.51,0.49,30.649223036122187,medium,Medium,19.51636129551183,1.421675141550928
Rae Burrell,rae burrell,LAS,MIN,pa,18.5,prizepicks,,,17.813938732926417,16.776655761574467,9.158505277516499,27.866574614986778,7.534031688364499,9.158505277516499,16.776655761574467,27.866574614986778,0.4046,0.5954,30.649223036122187,medium,Medium,17.448771836402628,-0.6860612670735833
Sophie Cunningham,sophie cunningham,IND,LVA,points,8.5,prizepicks,,,8.908729947042758,7.861338153258462,3.217653976256353,16.093588507146002,5.292680331793171,3.217653976256353,7.861338153258462,16.093588507146002,0.4513,0.5487,24.531181153035217,medium,Medium,8.401735795014446,0.4087299470427581
Sophie Cunningham,sophie cunningham,IND,LVA,steals,0.5,prizepicks,,,0.7582,0.0,0.0,2.0,1.3294859006397923,0.0,0.0,2.0,0.3881,0.6119,24.531181153035217,medium,Medium,0.6628527884718247,0.2582
Sophie Cunningham,sophie cunningham,IND,LVA,pra,12.5,prizepicks,,,14.00397068135441,12.942467206609415,6.8164010022521255,22.617486922838115,6.452240522891511,6.8164010022521255,12.942467206609415,22.617486922838115,0.5286,0.4714,24.531181153035217,medium,Medium,13.930754762455674,1.50397068135441
