player_name,player_key,team,opponent,stat,line,sportsbook,over_odds,under_odds,mean,median,floor,ceiling,stddev,p10,p50,p90,over_hit_rate,under_hit_rate,projected_minutes,confidence,confidence_label,model_projection,line_delta
A'ja Wilson,a'ja wilson,LVA,POR,points,26.5,prizepicks,,,24.683026355366803,24.286217678153342,17.137702719776854,32.707880188981555,6.076718735789792,17.137702719776854,24.286217678153342,32.707880188981555,0.3622,0.6378,31.569502312620287,low,Low,24.828997648416955,-1.8169736446331974
A'ja Wilson,a'ja wilson,LVA,POR,rebounds,10.5,prizepicks,,,9.939351889781424,9.65203879799352,5.543491928396187,14.601936581885592,3.6488376769811643,5.543491928396187,9.65203879799352,14.601936581885592,0.4055,0.5945,31.569502312620287,low,Low,10.567844549773534,-0.5606481102185761
A'ja Wilson,a'ja wilson,LVA,POR,pra,40.5,prizepicks,,,37.681252087918836,37.21167045785946,28.511246606007017,47.44499379591544,7.348375722500453,28.511246606007017,37.21167045785946,47.44499379591544,0.3352,0.6648,31.569502312620287,low,Low,,-2.8187479120811645
A'ja Wilson,a'ja wilson,LVA,POR,pr,37.0,prizepicks,,,34.62237824514823,34.12099337495239,25.646430580677965,44.14614159210875,7.2258161899338,25.646430580677965,34.12099337495239,44.14614159210875,0.3523,0.6477,31.569502312620287,low,Low,,-2.3776217548517735
A'ja Wilson,a'ja wilson,LVA,POR,pa,30.0,prizepicks,,,27.74190019813741,27.38933276420544,20.05290271777531,35.878378442220345,6.207769000371783,20.05290271777531,27.38933276420544,35.878378442220345,0.3398,0.6602,31.569502312620287,low,Low,,-2.2580998018625884
A'ja Wilson,a'ja wilson,LVA,POR,ra,13.5,prizepicks,,,12.998225732552033,12.717289039871876,8.406237708543536,17.905585240262617,3.795335685530187,8.406237708543536,12.717289039871876,17.905585240262617,0.4159,0.5841,31.569502312620287,low,Low,,-0.501774267447967
Aliyah Boston,aliyah boston,IND,CHI,points,14.0,prizepicks,,,13.936261396402514,13.506387056525941,8.132133334750412,20.263950178022203,4.808127448097135,8.132133334750412,13.506387056525941,20.263950178022203,0.4591,0.5409,27.801554431426574,medium,Medium,11.953438979281028,-0.06373860359748562
Aliyah Boston,aliyah boston,IND,CHI,rebounds,7.5,prizepicks,,,7.497963623837993,7.285785301185966,4.354939615958878,10.927177884377345,2.6023424325757665,4.354939615958878,7.285785301185966,10.927177884377345,0.4687,0.5313,27.801554431426574,medium,Medium,7.021030129697673,-0.0020363761620068033
Aliyah Boston,aliyah boston,IND,CHI,pra,24.5,prizepicks,,,23.9424221341992,23.567947105198947,17.008762850091294,31.267977374788142,5.610075464988792,17.008762850091294,23.567947105198947,31.267977374788142,0.4356,0.5644,27.801554431426574,medium,Medium,,-0.5575778658007984
Aliyah Boston,aliyah boston,IND,CHI,pr,22.0,prizepicks,,,21.434225020240508,21.03098591013783,14.69934204349382,28.691024091682735,5.529333369119303,14.69934204349382,21.03098591013783,28.691024091682735,0.4309,0.5691,27.801554431426574,medium,Medium,,-0.5657749797594924
Aliyah Boston,aliyah boston,IND,CHI,pa,17.5,prizepicks,,,16.444458510361212,16.031277703913048,10.536981266688008,22.84962631088058,4.893882726124388,10.536981266688008,16.031277703913048,22.84962631088058,0.3827,0.6173,27.801554431426574,medium,Medium,,-1.055541489638788
Allisha Gray,allisha gray,ATL,NYL,points,18.0,prizepicks,,,18.57508319791949,18.326382567979653,13.510332397412531,23.916543328090427,4.079630073826181,13.510332397412531,18.326382567979653,23.916543328090427,0.5304,0.4696,32.00380518769817,medium,Medium,18.440424686212076,0.5750831979194899
Allisha Gray,allisha gray,ATL,NYL,rebounds,3.5,prizepicks,,,4.41219680196991,4.1269881347446935,1.7943224224184056,7.336642641760412,2.233699404982815,1.7943224224184056,4.1269881347446935,7.336642641760412,0.6197,0.3803,32.00380518769817,medium,Medium,4.595161880596422,0.9121968019699098
Allisha Gray,allisha gray,ATL,NYL,pra,24.0,prizepicks,,,25.304216221909964,25.092753746444938,19.226493268816657,31.5862044135002,4.865247606228036,19.226493268816657,25.092753746444938,31.5862044135002,0.5875,0.4125,32.00380518769817,medium,Medium,,1.3042162219099644
Allisha Gray,allisha gray,ATL,NYL,pr,21.5,prizepicks,,,22.9872799998894,22.75614977667649,17.163209922808583,29.173100586935696,4.705173879028471,17.163209922808583,22.75614977667649,29.173100586935696,0.6028,0.3972,32.00380518769817,medium,Medium,,1.4872799998893989
Allisha Gray,allisha gray,ATL,NYL,pa,20.5,prizepicks,,,20.892019419940056,20.627979200761217,15.625086122149634,26.50906455971675,4.263936061065384,15.625086122149634,20.627979200761217,26.50906455971675,0.5121,0.4879,32.00380518769817,medium,Medium,,0.3920194199400555
Alyssa Thomas,alyssa thomas,PHX,DAL,points,15.5,prizepicks,,,14.033254887869267,13.796172814295973,8.876479464088977,19.583594495192497,4.2061562753886905,8.876479464088977,13.796172814295973,19.583594495192497,0.3383,0.6617,30.850620623154732,medium,Medium,14.73479055386413,-1.4667451121307327
Alyssa Thomas,alyssa thomas,PHX,DAL,rebounds,7.5,prizepicks,,,6.851609177996265,6.653485994004267,3.9391460329896093,9.985391698417413,2.396460302459604,3.9391460329896093,6.653485994004267,9.985391698417413,0.3626,0.6374,30.850620623154732,medium,Medium,7.064226244725832,-0.6483908220037353
Alyssa Thomas,alyssa thomas,PHX,DAL,assists,8.0,prizepicks,,,7.306524267092226,7.259084524738345,5.883220233602818,8.799366363246538,1.145756005107181,5.883220233602818,7.259084524738345,8.799366363246538,0.2647,0.7353,30.850620623154732,medium,Medium,7.754352897704958,-0.6934757329077739
Alyssa Thomas,alyssa thomas,PHX,DAL,pra,31.5,prizepicks,,,28.191388332957764,27.911913280296154,21.943978180016753,34.85040454458835,5.091628971652277,21.943978180016753,27.911913280296154,34.85040454458835,0.2465,0.7535,30.850620623154732,medium,Medium,,-3.3086116670422356
Alyssa Thomas,alyssa thomas,PHX,DAL,pr,23.5,prizepicks,,,20.884864065865536,20.570102757482026,14.904395067269492,27.27615053255182,4.881742743905866,14.904395067269492,20.570102757482026,27.27615053255182,0.2813,0.7187,30.850620623154732,medium,Medium,,-2.6151359341344644
Alyssa Thomas,alyssa thomas,PHX,DAL,pa,24.0,prizepicks,,,21.33977915496149,21.08455209420145,15.826383788322257,27.11160195338426,4.4304841006900135,15.826383788322257,21.08455209420145,27.11160195338426,0.259,0.741,30.850620623154732,medium,Medium,,-2.660220845038509
Alyssa Thomas,alyssa thomas,PHX,DAL,ra,16.0,prizepicks,,,14.15813344508849,13.989346159178904,10.857722676730036,17.69169818940585,2.6854447338047858,10.857722676730036,13.989346159178904,17.69169818940585,0.2349,0.7651,30.850620623154732,medium,Medium,,-1.84186655491151
Angel Reese,angel reese,ATL,NYL,points,13.5,prizepicks,,,14.510774535892752,14.376516369672743,11.282848217887004,17.86028683722537,2.563619062846983,11.282848217887004,14.376516369672743,17.86028683722537,0.6434,0.3566,31.09982756608948,medium,Medium,15.034544181024152,1.010774535892752
Angel Reese,angel reese,ATL,NYL,rebounds,12.0,prizepicks,,,12.723771811884033,12.591092890588506,9.656772941328477,15.92034420022967,2.456426112632056,9.656772941328477,12.591092890588506,15.92034420022967,0.5972,0.4028,31.09982756608948,medium,Medium,13.199833146538777,0.7237718118840331
Angel Reese,angel reese,ATL,NYL,pra,29.5,prizepicks,,,30.91443668889408,30.74206031062502,26.077521899880214,35.93531867728218,3.900571751668942,26.077521899880214,30.74206031062502,35.93531867728218,0.627,0.373,31.09982756608948,medium,Medium,,1.4144366888940816
Angel Reese,angel reese,ATL,NYL,pr,26.5,prizepicks,,,27.23454634777679,27.091516501427925,22.65216932677092,31.967160428190784,3.658463154166287,22.65216932677092,27.091516501427925,31.967160428190784,0.5624,0.4376,31.09982756608948,medium,Medium,,0.7345463477767886
Angel Reese,angel reese,ATL,NYL,pa,17.0,prizepicks,,,18.19066487701005,18.07731464673131,14.589779915991803,21.949289530470157,2.872189341565626,14.589779915991803,18.07731464673131,21.949289530470157,0.6511,0.3489,31.09982756608948,medium,Medium,,1.1906648770100503
Angel Reese,angel reese,ATL,NYL,ra,15.5,prizepicks,,,16.403662153001328,16.27478958679893,12.958423539932525,20.009792113943305,2.769030077817769,12.958423539932525,16.27478958679893,20.009792113943305,0.6109,0.3891,31.09982756608948,medium,Medium,,0.9036621530013278
Arike Ogunbowale,arike ogunbowale,DAL,PHX,points,15.5,prizepicks,,,13.238144643869571,12.28605396620749,5.17173152700165,22.4382997328881,6.954097268040726,5.17173152700165,12.28605396620749,22.4382997328881,0.3262,0.6738,28.357004975491925,medium,Medium,12.625851194338397,-2.261855356130429
Arike Ogunbowale,arike ogunbowale,DAL,PHX,pra,21.5,prizepicks,,,18.742352281528113,17.900309604539103,9.99104269100521,28.61562096966792,7.450952697584863,9.99104269100521,17.900309604539103,28.61562096966792,0.3134,0.6866,28.357004975491925,medium,Medium,,-2.757647718471887
Arike Ogunbowale,arike ogunbowale,DAL,PHX,pr,18.5,prizepicks,,,15.980863122334535,15.090522376932132,7.511232398761795,25.542249404293017,7.216231228124403,7.511232398761795,15.090522376932132,25.542249404293017,0.3204,0.6796,28.357004975491925,medium,Medium,,-2.5191368776654652
Arike Ogunbowale,arike ogunbowale,DAL,PHX,pa,18.5,prizepicks,,,15.999633803063142,15.111600346008785,7.593065351723377,25.661848009882338,7.180875917686714,7.593065351723377,15.111600346008785,25.661848009882338,0.3194,0.6806,28.357004975491925,medium,Medium,,-2.5003661969368576
Aziaha James,aziaha james,DAL,PHX,points,6.5,prizepicks,,,7.57227331989509,6.986128794464761,2.9692155944714904,12.88553895723831,4.01561056972589,2.9692155944714904,6.986128794464761,12.88553895723831,0.5523,0.4477,13.432876677382904,low,Low,7.430693637498737,1.07227331989509
Aziaha James,aziaha james,DAL,PHX,pra,11.0,prizepicks,,,12.381048255634095,11.782984751117404,6.8951117341875054,18.61572061210209,4.649187147277367,6.8951117341875054,11.782984751117404,18.61572061210209,0.5754,0.4246,13.432876677382904,low,Low,,1.381048255634095
Aziaha James,aziaha james,DAL,PHX,pr,9.5,prizepicks,,,10.466612801599313,9.916641748588287,5.412540907432431,16.25378686034828,4.334122742269197,5.412540907432431,9.916641748588287,16.25378686034828,0.5382,0.4618,13.432876677382904,low,Low,,0.9666128015993127
Aziaha James,aziaha james,DAL,PHX,pa,7.5,prizepicks,,,9.486708773929873,8.933858368042035,4.414150664319867,15.26005648236465,4.313655583921933,4.414150664319867,8.933858368042035,15.26005648236465,0.6415,0.3585,13.432876677382904,low,Low,,1.9867087739298732
Azzi Fudd,azzi fudd,DAL,PHX,points,12.5,prizepicks,,,12.235679631656335,11.662822605103013,6.203501932221243,19.005665315049736,5.145143364845853,6.203501932221243,11.662822605103013,19.005665315049736,0.4342,0.5658,26.671645103878454,low,Low,12.476054742304935,-0.26432036834366457
Azzi Fudd,azzi fudd,DAL,PHX,pra,17.0,prizepicks,,,16.264695951616986,15.664567057123007,9.85232714655487,23.456781161140636,5.427645869046356,9.85232714655487,15.664567057123007,23.456781161140636,0.4049,0.5951,26.671645103878454,low,Low,,-0.7353040483830142
Azzi Fudd,azzi fudd,DAL,PHX,pr,15.0,prizepicks,,,14.301389682875982,13.694226008571691,8.101101855187277,21.241842479935748,5.269494888616828,8.101101855187277,13.694226008571691,21.241842479935748,0.403,0.597,26.671645103878454,low,Low,,-0.6986103171240181
Azzi Fudd,azzi fudd,DAL,PHX,pa,14.5,prizepicks,,,14.198985900397343,13.609893084092512,7.930656497580733,21.18001587094504,5.296248045633595,7.930656497580733,13.609893084092512,21.18001587094504,0.4324,0.5676,26.671645103878454,low,Low,,-0.3010140996026571
Breanna Stewart,breanna stewart,NYL,ATL,points,19.5,prizepicks,,,18.782783585596533,18.48855248222126,12.683485524940084,25.13184880962825,4.904112408527836,12.683485524940084,18.48855248222126,25.13184880962825,0.4192,0.5808,29.729103810021222,medium,Medium,19.759809766519055,-0.7172164144034667
Breanna Stewart,breanna stewart,NYL,ATL,rebounds,8.0,prizepicks,,,8.560813489626762,8.5055321814476,6.926415433845711,10.247208277677675,1.2918171122828173,6.926415433845711,8.5055321814476,10.247208277677675,0.6552,0.3448,29.729103810021222,medium,Medium,9.117164065512926,0.5608134896267618
Breanna Stewart,breanna stewart,NYL,ATL,pra,30.5,prizepicks,,,30.348557953525386,30.051533353965365,23.779475593088893,37.334501912054314,5.328364037855942,23.779475593088893,30.051533353965365,37.334501912054314,0.4665,0.5335,29.729103810021222,medium,Medium,,-0.1514420464746138
Breanna Stewart,breanna stewart,NYL,ATL,pr,27.5,prizepicks,,,27.343597075223293,27.01531585622405,20.935345224453503,34.15751602655408,5.1689001673105635,20.935345224453503,27.01531585622405,34.15751602655408,0.4666,0.5334,29.729103810021222,medium,Medium,,-0.1564029247767067
Breanna Stewart,breanna stewart,NYL,ATL,pa,22.5,prizepicks,,,21.78774446389863,21.484715263244546,15.531007350213857,28.443766538771,5.056771831465739,15.531007350213857,21.484715263244546,28.443766538771,0.4213,0.5787,29.729103810021222,medium,Medium,,-0.7122555361013703
Breanna Stewart,breanna stewart,NYL,ATL,ra,11.5,prizepicks,,,11.565774367928856,11.497918437557399,9.433701251684663,13.786217733032432,1.6992462390034082,9.433701251684663,11.497918437557399,13.786217733032432,0.4989,0.5011,29.729103810021222,medium,Medium,,0.06577436792885649
Bridget Carleton,bridget carleton,POR,LVA,points,13.0,prizepicks,,,11.04386141105749,10.878139997028697,7.678952924746404,14.598298037882989,2.7204585977535554,7.678952924746404,10.878139997028697,14.598298037882989,0.2222,0.7778,27.28227674401229,medium,Medium,10.5062978280064,-1.95613858894251
Bridget Carleton,bridget carleton,POR,LVA,rebounds,3.5,prizepicks,,,3.3497184512435183,3.266787836130761,1.925456578499138,4.876201848541955,1.1673188610824747,1.925456578499138,3.266787836130761,4.876201848541955,0.4174,0.5826,27.28227674401229,medium,Medium,3.1942634375252767,-0.1502815487564817
Bridget Carleton,bridget carleton,POR,LVA,pra,19.0,prizepicks,,,16.59565174339367,16.449382357964353,12.736368393643282,20.630808816432786,3.1034487865618026,12.736368393643282,16.449382357964353,20.630808816432786,0.2124,0.7876,27.28227674401229,medium,Medium,,-2.4043482566063297
Bridget Carleton,bridget carleton,POR,LVA,pr,16.5,prizepicks,,,14.393579862301005,14.257600887875816,10.642083638202468,18.29644495771988,2.994488239869095,10.642083638202468,14.257600887875816,18.29644495771988,0.2302,0.7698,27.28227674401229,medium,Medium,,-2.1064201376989953
Bridget Carleton,bridget carleton,POR,LVA,pa,15.5,prizepicks,,,13.245933292150154,13.07266671418332,9.734132026874791,16.970496671323854,2.8354617509047286,9.734132026874791,13.07266671418332,16.970496671323854,0.2081,0.7919,27.28227674401229,medium,Medium,,-2.254066707849846
Caitlin Clark,caitlin clark,IND,CHI,points,19.5,prizepicks,,,16.92523425557698,16.44899502997791,10.034923326221088,24.46223478152516,5.669652252696538,10.034923326221088,16.44899502997791,24.46223478152516,0.3029,0.6971,30.588596685768252,low,Low,15.888296700744574,-2.5747657444230185
Caitlin Clark,caitlin clark,IND,CHI,rebounds,4.0,prizepicks,,,4.702613306034206,4.600078517837478,2.922700707489997,6.617325314981926,1.4624717094495054,2.922700707489997,4.600078517837478,6.617325314981926,0.6659,0.3341,30.588596685768252,low,Low,4.7715682172838285,0.7026133060342064
Caitlin Clark,caitlin clark,IND,CHI,assists,8.0,prizepicks,,,7.571996442280251,7.503372186155675,5.874003940216043,9.36678564615776,1.3760180517074656,5.874003940216043,7.503372186155675,9.36678564615776,0.3569,0.6431,30.588596685768252,low,Low,7.192989509731471,-0.42800355771974896
Caitlin Clark,caitlin clark,IND,CHI,threes_made,2.5,prizepicks,,,2.422996351284737,2.2329470293463256,0.8319651074883164,4.257432276052926,1.3796249261295375,0.8319651074883164,2.2329470293463256,4.257432276052926,0.4179,0.5821,30.588596685768252,low,Low,2.237019183116617,-0.07700364871526322
Caitlin Clark,caitlin clark,IND,CHI,pra,31.5,prizepicks,,,29.199844003891446,28.718480576130496,21.589152079688308,37.379323485166445,6.1580657775586065,21.589152079688308,28.718480576130496,37.379323485166445,0.33,0.67,30.588596685768252,low,Low,,-2.300155996108554
Caitlin Clark,caitlin clark,IND,CHI,pr,23.5,prizepicks,,,21.627847561611187,21.216598718134183,14.467813420195727,29.5150682696498,5.907894931280966,14.467813420195727,21.216598718134183,29.5150682696498,0.3519,0.6481,30.588596685768252,low,Low,,-1.872152438388813
Caitlin Clark,caitlin clark,IND,CHI,pa,27.5,prizepicks,,,24.497230697857233,24.029796729708675,17.244646980953053,32.39662595642213,5.902027965013801,17.244646980953053,24.029796729708675,32.39662595642213,0.2863,0.7137,30.588596685768252,low,Low,,-3.0027693021427666
Carla Leite,carla leite,POR,LVA,points,13.5,prizepicks,,,13.020196463368041,12.619401845023365,7.863282784313058,18.51278671114529,4.236243796243886,7.863282784313058,12.619401845023365,18.51278671114529,0.4211,0.5789,23.594035929926104,low,Low,12.160412981575991,-0.47980353663195885
Carla Leite,carla leite,POR,LVA,assists,5.0,prizepicks,,,5.146439285415916,4.870165974494835,2.293536281632306,8.34354549461968,2.4001856001198054,2.293536281632306,4.870165974494835,8.34354549461968,0.4759,0.5241,23.594035929926104,low,Low,5.008306180618525,0.14643928541591578
Carla Leite,carla leite,POR,LVA,pra,20.5,prizepicks,,,20.454651263754577,20.092008213435815,14.150179794668832,27.102697939309927,5.1048017923673115,14.150179794668832,20.092008213435815,27.102697939309927,0.469,0.531,23.594035929926104,low,Low,,-0.04534873624542257
Carla Leite,carla leite,POR,LVA,pr,15.5,prizepicks,,,15.308211978338658,14.944077959401174,9.958378279616355,21.092638785091747,4.389382353189803,9.958378279616355,14.944077959401174,21.092638785091747,0.4476,0.5524,23.594035929926104,low,Low,,-0.1917880216613419
Carla Leite,carla leite,POR,LVA,pa,18.5,prizepicks,,,18.16663574878396,17.82067463215069,12.096638305079885,24.63637604120191,4.959498267047827,12.096638305079885,17.82067463215069,24.63637604120191,0.4451,0.5549,23.594035929926104,low,Low,,-0.3333642512160395
Carla Leite,carla leite,POR,LVA,ra,7.5,prizepicks,,,7.4344548003865345,7.181457029702276,4.3155206704704625,10.924706490947838,2.6168493588240285,4.3155206704704625,7.181457029702276,10.924706490947838,0.4511,0.5489,23.594035929926104,low,Low,,-0.0655451996134655
Chelsea Gray,chelsea gray,LVA,POR,points,11.5,prizepicks,,,12.167981520918607,11.873234208303929,7.56368972561249,17.237915159635048,3.8265463394102537,7.56368972561249,11.873234208303929,17.237915159635048,0.5399,0.4601,31.008630235243754,medium,Medium,13.293100396992243,0.6679815209186071
Chelsea Gray,chelsea gray,LVA,POR,rebounds,4.0,prizepicks,,,3.998379273479253,3.862857499866004,2.215763819769948,5.950965359594958,1.491706687052704,2.215763819769948,3.862857499866004,5.950965359594958,0.4625,0.5375,31.008630235243754,medium,Medium,4.177756397031544,-0.0016207265207470734
Chelsea Gray,chelsea gray,LVA,POR,assists,7.0,prizepicks,,,6.966311541696066,6.870964055209479,5.04559237029657,9.010906213590662,1.570045190561021,5.04559237029657,6.870964055209479,9.010906213590662,0.4661,0.5339,31.008630235243754,medium,Medium,7.145010887030013,-0.03368845830393408
Chelsea Gray,chelsea gray,LVA,POR,threes_made,1.5,prizepicks,,,1.9117881562254777,1.718220228251857,0.5662267359253466,3.466250007632451,1.1849835242885005,0.5662267359253466,1.718220228251857,3.466250007632451,0.5858,0.4142,31.008630235243754,medium,Medium,1.890789486939275,0.4117881562254777
Chelsea Gray,chelsea gray,LVA,POR,pra,22.5,prizepicks,,,23.132672336093925,22.861559406563384,17.52562925660195,29.11463839188304,4.545070096926541,17.52562925660195,22.861559406563384,29.11463839188304,0.5319,0.4681,31.008630235243754,medium,Medium,,0.6326723360939255
Chelsea Gray,chelsea gray,LVA,POR,pr,15.5,prizepicks,,,16.16636079439786,15.907221322713198,11.057029205593222,21.598950869512564,4.148688143340412,11.057029205593222,15.907221322713198,21.598950869512564,0.5408,0.4592,31.008630235243754,medium,Medium,,0.6663607943978604
Chelsea Gray,chelsea gray,LVA,POR,pa,18.5,prizepicks,,,19.134293062614674,18.827764437885328,13.99089750048184,24.585985760070603,4.214590911061739,13.99089750048184,18.827764437885328,24.585985760070603,0.5319,0.4681,31.008630235243754,medium,Medium,,0.6342930626146739
Chelsea Gray,chelsea gray,LVA,POR,ra,11.0,prizepicks,,,10.964690815175318,10.82393532908473,8.18939844845072,13.908974034163215,2.239633888816175,8.18939844845072,10.82393532908473,13.908974034163215,0.4689,0.5311,31.008630235243754,medium,Medium,,-0.035309184824681594
DeWanna Bonner,dewanna bonner,PHX,DAL,points,8.5,prizepicks,,,10.034703580097997,9.441632296982707,4.51697782489809,16.229013025472707,4.71408973756034,4.51697782489809,9.441632296982707,16.229013025472707,0.5826,0.4174,25.751372100545503,low,Low,11.118595025796512,1.5347035800979967
DeWanna Bonner,dewanna bonner,PHX,DAL,pr,12.5,prizepicks,,,14.602128956635267,14.091707088851706,8.454817883631716,21.411249165084648,5.158166537171426,8.454817883631716,14.091707088851706,21.411249165084648,0.6264,0.3736,25.751372100545503,low,Low,,2.1021289566352674
Emily Engstler,emily engstler,POR,LVA,points,10.5,prizepicks,,,9.458718449317573,9.065215049200955,4.928137892277368,14.484875638072738,3.800921720331509,4.928137892277368,9.065215049200955,14.484875638072738,0.3516,0.6484,22.93273317782866,low,Low,9.094348903357117,-1.0412815506824273
Emily Engstler,emily engstler,POR,LVA,rebounds,5.0,prizepicks,,,5.449002273001354,5.208092618293228,2.788306192327701,8.440895048518627,2.2228362279686813,2.788306192327701,5.208092618293228,8.440895048518627,0.5423,0.4577,22.93273317782866,low,Low,5.709689812811911,0.4490022730013541
Emily Engstler,emily engstler,POR,LVA,pra,17.5,prizepicks,,,16.43707886739336,15.995754996705381,10.764006731355606,22.682618775938494,4.674725660924681,10.764006731355606,15.995754996705381,22.682618775938494,0.3786,0.6214,22.93273317782866,low,Low,,-1.0629211326066397
Emily Engstler,emily engstler,POR,LVA,pr,15.5,prizepicks,,,14.907720722318926,14.498951750224663,9.493901333101343,20.896460335269655,4.539132702437743,9.493901333101343,14.498951750224663,20.896460335269655,0.4143,0.5857,22.93273317782866,low,Low,,-0.5922792776810741
Gabriela Jaquez,gabriela jaquez,CHI,IND,points,8.5,prizepicks,,,8.756700982897526,8.382790879516005,4.501986542441803,13.521268404873966,3.576619130800059,4.501986542441803,8.382790879516005,13.521268404873966,0.4863,0.5137,25.194273325591375,medium,Medium,7.25620665332613,0.2567009828975255
Gabriela Jaquez,gabriela jaquez,CHI,IND,rebounds,4.0,prizepicks,,,3.474345867508824,3.3370657050138925,1.8527229050673997,5.306012385897914,1.3755390476735228,1.8527229050673997,3.3370657050138925,5.306012385897914,0.3209,0.6791,25.194273325591375,medium,Medium,2.903613573273228,-0.5256541324911761
Jackie Young,jackie young,LVA,POR,points,18.0,prizepicks,,,14.207266400162155,13.555559025988327,6.783805706022479,22.336601688784064,6.2510932683977085,6.783805706022479,13.555559025988327,22.336601688784064,0.2477,0.7523,31.49694632944669,low,Low,14.734878051842458,-3.7927335998378453
Jackie Young,jackie young,LVA,POR,rebounds,4.5,prizepicks,,,4.337039316731015,4.211575492756372,2.5586978054638134,6.246729333617053,1.4436644733298927,2.5586978054638134,4.211575492756372,6.246729333617053,0.4195,0.5805,31.49694632944669,low,Low,4.255500985846251,-0.16296068326898538
Jackie Young,jackie young,LVA,POR,assists,6.5,prizepicks,,,5.933983071321208,5.783938700721793,3.747628129091543,8.310883277675746,1.81889975036671,3.747628129091543,5.783938700721793,8.310883277675746,0.3494,0.6506,31.49694632944669,low,Low,5.90193290905015,-0.5660169286787919
Jackie Young,jackie young,LVA,POR,pra,29.0,prizepicks,,,24.47828878821437,23.818008363169106,16.21241217171301,33.5130459047143,6.79978277879793,16.21241217171301,23.818008363169106,33.5130459047143,0.2339,0.7661,31.49694632944669,low,Low,,-4.521711211785629
Jackie Young,jackie young,LVA,POR,pr,22.5,prizepicks,,,18.544305716893163,17.871818825132856,10.736678092618394,27.066835973533493,6.461641198112044,10.736678092618394,17.871818825132856,27.066835973533493,0.2463,0.7537,31.49694632944669,low,Low,,-3.955694283106837
Jackie Young,jackie young,LVA,POR,pa,24.5,prizepicks,,,20.14124947148336,19.535995040513818,12.174206227043351,28.73971383287728,6.577072018658353,12.174206227043351,19.535995040513818,28.73971383287728,0.2334,0.7666,31.49694632944669,low,Low,,-4.358750528516641
Jessica Shepard,jessica shepard,DAL,PHX,points,11.5,prizepicks,,,12.060989381411321,11.721843770342918,7.182190485583284,17.2994747418932,3.9830945780822185,7.182190485583284,11.721843770342918,17.2994747418932,0.5224,0.4776,29.473231440507263,low,Low,11.723793640494032,0.5609893814113214
Jessica Shepard,jessica shepard,DAL,PHX,rebounds,11.0,prizepicks,,,10.064655009705314,9.81473472502105,6.1675888268603805,14.24593730766453,3.227945704616879,6.1675888268603805,9.81473472502105,14.24593730766453,0.3591,0.6409,29.473231440507263,low,Low,9.872304638459578,-0.935344990294686
Jessica Shepard,jessica shepard,DAL,PHX,assists,4.5,prizepicks,,,5.67680756815834,5.421223568908353,2.6588010072178725,8.97216918910776,2.5548054603577546,2.6588010072178725,5.421223568908353,8.97216918910776,0.6497,0.3503,29.473231440507263,low,Low,5.703622243767047,1.17680756815834
Jessica Shepard,jessica shepard,DAL,PHX,pra,27.5,prizepicks,,,27.802451959274975,27.483890566487467,20.46145409481736,35.56830894748977,5.906335274484296,20.46145409481736,27.483890566487467,35.56830894748977,0.4983,0.5017,29.473231440507263,low,Low,,0.3024519592749755
Jessica Shepard,jessica shepard,DAL,PHX,pr,22.5,prizepicks,,,22.125644391116634,21.76611034670315,15.748216204348143,28.86097444639659,5.206714658123969,15.748216204348143,21.76611034670315,28.86097444639659,0.4454,0.5546,29.473231440507263,low,Low,,-0.3743556088833664
Jessica Shepard,jessica shepard,DAL,PHX,pa,16.0,prizepicks,,,17.73779694956966,17.42268590453804,11.811052549997179,24.097485250423684,4.808417480576916,11.811052549997179,17.42268590453804,24.097485250423684,0.619,0.381,29.473231440507263,low,Low,,1.7377969495696597
Jessica Shepard,jessica shepard,DAL,PHX,ra,15.5,prizepicks,,,15.741462577863654,15.451980813791305,10.635605575696038,21.231902198660787,4.17920411156875,10.635605575696038,15.451980813791305,21.231902198660787,0.4951,0.5049,29.473231440507263,low,Low,,0.2414625778636541
Jewell Loyd,jewell loyd,LVA,POR,points,8.5,prizepicks,,,8.36122423498019,7.977898135368258,3.824276207808429,13.307862477116265,3.7822837743732944,3.824276207808429,7.977898135368258,13.307862477116265,0.443,0.557,24.856477912070403,medium,Medium,8.257984628542932,-0.13877576501981004
Jewell Loyd,jewell loyd,LVA,POR,threes_made,1.5,prizepicks,,,2.1055784039619874,1.843768582499124,0.4459889151509938,4.051689993675868,1.4851288660478534,0.4459889151509938,1.843768582499124,4.051689993675868,0.6049,0.3951,24.856477912070403,medium,Medium,1.7587375741125426,0.6055784039619874
Jewell Loyd,jewell loyd,LVA,POR,pra,12.5,prizepicks,,,13.04491717742112,12.701754516299946,8.138588730368033,18.3137366246988,4.032974463761247,8.138588730368033,12.701754516299946,18.3137366246988,0.5193,0.4807,24.856477912070403,medium,Medium,,0.5449171774211194
Jewell Loyd,jewell loyd,LVA,POR,pr,10.5,prizepicks,,,11.294928738235683,10.911508163047104,6.501290144283189,16.503405237347657,3.9704978914652775,6.501290144283189,10.911508163047104,16.503405237347657,0.5443,0.4557,24.856477912070403,medium,Medium,,0.7949287382356829
Jewell Loyd,jewell loyd,LVA,POR,pa,9.5,prizepicks,,,10.111212674165627,9.708063301810924,5.458902182404205,15.137402208274501,3.8482320580847373,5.458902182404205,9.708063301810924,15.137402208274501,0.5223,0.4777,24.856477912070403,medium,Medium,,0.6112126741656265
Jonquel Jones,jonquel jones,NYL,ATL,points,13.5,prizepicks,,,13.372126765439136,13.15428379825034,9.0058678590291,18.029390296462182,3.575137288877425,9.0058678590291,13.15428379825034,18.029390296462182,0.462,0.538,29.372926845962386,medium,Medium,13.390210497591847,-0.1278732345608642
Jonquel Jones,jonquel jones,NYL,ATL,rebounds,9.0,prizepicks,,,10.2748204984469,10.128072318940955,7.422487354592639,13.288936480752898,2.31721098422783,7.422487354592639,10.128072318940955,13.288936480752898,0.6987,0.3013,29.372926845962386,medium,Medium,10.418910392033693,1.2748204984468998
Jonquel Jones,jonquel jones,NYL,ATL,pra,26.0,prizepicks,,,26.486115732886283,26.27219937849909,20.994354479871106,32.26889754688298,4.417351365423885,20.994354479871106,26.27219937849909,32.26889754688298,0.5258,0.4742,29.372926845962386,medium,Medium,,0.48611573288628307
Jonquel Jones,jonquel jones,NYL,ATL,pr,22.5,prizepicks,,,23.646947263886037,23.441271146567402,18.29888174283949,29.27667181036303,4.326212717900045,18.29888174283949,23.441271146567402,29.27667181036303,0.5887,0.4113,29.372926845962386,medium,Medium,,1.1469472638860374
Jonquel Jones,jonquel jones,NYL,ATL,pa,16.5,prizepicks,,,16.211295234439387,16.006735616498602,11.71609846440751,20.986479201815662,3.6682805846631608,11.71609846440751,16.006735616498602,20.986479201815662,0.4446,0.5554,29.372926845962386,medium,Medium,,-0.2887047655606132
Jonquel Jones,jonquel jones,NYL,ATL,ra,12.0,prizepicks,,,13.113988967447145,12.97526525231698,10.15337649573973,16.28577625860042,2.438313149404119,10.15337649573973,12.97526525231698,16.28577625860042,0.6618,0.3382,29.372926845962386,medium,Medium,,1.1139889674471455
Jordin Canada,jordin canada,ATL,NYL,points,11.5,prizepicks,,,12.782533946481978,12.667925402603846,9.864448225703338,15.800066076793634,2.3270546678427135,9.864448225703338,12.667925402603846,15.800066076793634,0.6984,0.3016,30.718949860021596,medium,Medium,13.334695706266514,1.282533946481978
Jordin Canada,jordin canada,ATL,NYL,assists,6.0,prizepicks,,,6.439518466828885,6.276486153992703,3.7325224921746627,9.304859113909822,2.208457871960622,3.7325224921746627,6.276486153992703,9.304859113909822,0.5508,0.4492,30.718949860021596,medium,Medium,6.1665560211788835,0.4395184668288854
Jordin Canada,jordin canada,ATL,NYL,pra,21.0,prizepicks,,,23.19668642531554,23.022634073713533,18.666405612589585,27.97053842999734,3.646497599268883,18.666405612589585,23.022634073713533,27.97053842999734,0.7173,0.2827,30.718949860021596,medium,Medium,,2.1966864253155407
Jordin Canada,jordin canada,ATL,NYL,pr,14.5,prizepicks,,,16.75716795848665,16.63038508955713,13.267219682196952,20.430922111026707,2.7993227902709275,13.267219682196952,16.63038508955713,20.430922111026707,0.7813,0.2187,30.718949860021596,medium,Medium,,2.257167958486651
Jordin Canada,jordin canada,ATL,NYL,pa,17.0,prizepicks,,,19.222052413310866,19.05308002264182,15.12227479821685,23.55452987044585,3.2789827569985577,15.12227479821685,19.05308002264182,23.55452987044585,0.745,0.255,30.718949860021596,medium,Medium,,2.222052413310866
Jordin Canada,jordin canada,ATL,NYL,ra,9.5,prizepicks,,,10.41415247883356,10.249385483303524,7.134565166584094,13.93946205222303,2.6764600161307115,7.134565166584094,10.249385483303524,13.93946205222303,0.61,0.39,30.718949860021596,medium,Medium,,0.9141524788335609
Kahleah Copper,kahleah copper,PHX,DAL,points,17.5,prizepicks,,,16.171231554457325,15.973074027857292,12.036501928375994,20.553097127732844,3.329757351728718,12.036501928375994,15.973074027857292,20.553097127732844,0.3258,0.6742,30.701828365860624,medium,Medium,15.24131880041594,-1.328768445542675
Kahleah Copper,kahleah copper,PHX,DAL,threes_made,1.5,prizepicks,,,1.4065445819798874,1.344044859610059,0.6649805543103372,2.215864125082872,0.6204393118676879,0.6649805543103372,1.344044859610059,2.215864125082872,0.4019,0.5981,30.701828365860624,medium,Medium,1.4238334200847775,-0.09345541802011259
Kahleah Copper,kahleah copper,PHX,DAL,pra,22.0,prizepicks,,,20.846535709400996,20.664278837194132,16.294453491010024,25.624561126563936,3.652781631629094,16.294453491010024,20.664278837194132,25.624561126563936,0.3581,0.6419,30.701828365860624,medium,Medium,,-1.153464290599004
Kahleah Copper,kahleah copper,PHX,DAL,pr,19.5,prizepicks,,,18.765652954714152,18.592246075855392,14.374111539260985,23.450232867236814,3.556334929667613,14.374111539260985,18.592246075855392,23.450232867236814,0.3962,0.6038,30.701828365860624,medium,Medium,,-0.7343470452858476
Kahleah Copper,kahleah copper,PHX,DAL,pa,18.5,prizepicks,,,18.252114309144165,18.051548184488496,14.022950107428022,22.80062997249411,3.432123519585666,14.022950107428022,18.051548184488496,22.80062997249411,0.4534,0.5466,30.701828365860624,medium,Medium,,-0.2478856908558349
Kamilla Cardoso,kamilla cardoso,CHI,IND,points,12.0,prizepicks,,,13.531184219467669,13.12814456629941,8.000761591647791,19.62306932814914,4.601998500166649,8.000761591647791,13.12814456629941,19.62306932814914,0.6009,0.3991,24.84268767564146,low,Low,15.282339379396163,1.5311842194676686
Kamilla Cardoso,kamilla cardoso,CHI,IND,rebounds,8.5,prizepicks,,,9.632061633240829,9.454163954655375,6.684278979026832,12.880431215040561,2.4185426790401783,6.684278979026832,9.454163954655375,12.880431215040561,0.6543,0.3457,24.84268767564146,low,Low,10.360858873617047,1.1320616332408289
Kamilla Cardoso,kamilla cardoso,CHI,IND,assists,2.5,prizepicks,,,3.1275664195592725,3.005028490851095,1.5882075791530395,4.842868602087309,1.2830407212030701,1.5882075791530395,3.005028490851095,4.842868602087309,0.6582,0.3418,24.84268767564146,low,Low,3.534821879690765,0.6275664195592725
Kamilla Cardoso,kamilla cardoso,CHI,IND,pra,23.5,prizepicks,,,26.290812272267775,25.91885355360752,19.417899892128734,33.56519103108191,5.584905156368382,19.417899892128734,25.91885355360752,33.56519103108191,0.6741,0.3259,24.84268767564146,low,Low,,2.7908122722677753
Kamilla Cardoso,kamilla cardoso,CHI,IND,pr,20.5,prizepicks,,,23.163245852708496,22.789973665308615,16.57095773033945,30.2562670485705,5.374564689754197,16.57095773033945,22.789973665308615,30.2562670485705,0.67,0.33,24.84268767564146,low,Low,,2.6632458527084957
Kamilla Cardoso,kamilla cardoso,CHI,IND,pa,14.5,prizepicks,,,16.658750639026945,16.23704051166977,10.79707436942255,22.923804060518254,4.816515023385821,10.79707436942255,16.23704051166977,22.923804060518254,0.6504,0.3496,24.84268767564146,low,Low,,2.1587506390269446
Kamilla Cardoso,kamilla cardoso,CHI,IND,ra,11.0,prizepicks,,,12.759628052800101,12.569650285242105,9.314850824980399,16.469415036123603,2.7893252605095036,9.314850824980399,12.569650285242105,16.469415036123603,0.7199,0.2801,24.84268767564146,low,Low,,1.7596280528001014
Kelsey Mitchell,kelsey mitchell,IND,CHI,points,19.0,prizepicks,,,19.59043231026808,19.398890925831076,15.156065770703218,24.324004773595576,3.6196092528545534,15.156065770703218,19.398890925831076,24.324004773595576,0.5428,0.4572,31.006859704082522,medium,Medium,19.0999111003617,0.5904323102680813
Kelsey Mitchell,kelsey mitchell,IND,CHI,pra,23.5,prizepicks,,,24.452474197795528,24.262382600686568,19.349656860739547,29.80836035520496,4.108870937740313,19.349656860739547,24.262382600686568,29.80836035520496,0.5717,0.4283,31.006859704082522,medium,Medium,,0.952474197795528
Kelsey Mitchell,kelsey mitchell,IND,CHI,pr,20.5,prizepicks,,,21.79556927944144,21.585249674677325,16.889594197497697,26.971602547501554,3.938101077204717,16.889594197497697,21.585249674677325,26.971602547501554,0.6074,0.3926,31.006859704082522,medium,Medium,,1.295569279441441
Kelsey Mitchell,kelsey mitchell,IND,CHI,pa,21.5,prizepicks,,,22.247337228622165,22.081127404432873,17.510677529013076,27.235845608664324,3.804931747508094,17.510677529013076,22.081127404432873,27.235845608664324,0.5592,0.4408,31.006859704082522,medium,Medium,,0.7473372286221647
Leonie Fiebich,leonie fiebich,NYL,ATL,points,6.5,prizepicks,,,8.564389484449181,8.016181900228236,3.6203926822051082,14.204566015659562,4.240122554245839,3.6203926822051082,8.016181900228236,14.204566015659562,0.6542,0.3458,27.670513680990304,low,Low,9.00468995830272,2.0643894844491815
Leonie Fiebich,leonie fiebich,NYL,ATL,pra,12.5,prizepicks,,,13.545250463016634,13.047684652575139,8.048143395181075,19.628742308024986,4.627876979860916,8.048143395181075,13.047684652575139,19.628742308024986,0.5485,0.4515,27.670513680990304,low,Low,,1.0452504630166342
Leonie Fiebich,leonie fiebich,NYL,ATL,pr,10.5,prizepicks,,,11.550330255993638,11.007467018408223,6.248830350838631,17.439811339858267,4.49237253995961,6.248830350838631,11.007467018408223,17.439811339858267,0.5513,0.4487,27.670513680990304,low,Low,,1.0503302559936376
Maddy Siegrist,maddy siegrist,DAL,PHX,points,8.5,prizepicks,,,9.223997142020174,8.618535673934723,3.9268123814128537,15.356563687305107,4.548226227081665,3.9268123814128537,8.618535673934723,15.356563687305107,0.5123,0.4877,19.668994819057176,low,Low,8.96887239727486,0.7239971420201741
Maddy Siegrist,maddy siegrist,DAL,PHX,rebounds,4.5,prizepicks,,,4.5092800432300395,4.228332526884902,1.9326365215663903,7.462291022004806,2.207431212380288,1.9326365215663903,4.228332526884902,7.462291022004806,0.4479,0.5521,19.668994819057176,low,Low,4.600711612919417,0.009280043230039503
Maddy Siegrist,maddy siegrist,DAL,PHX,pra,15.5,prizepicks,,,14.969392791898542,14.365115500918181,8.693864046514895,21.95715429123382,5.289053815376747,8.693864046514895,14.365115500918181,21.95715429123382,0.4153,0.5847,19.668994819057176,low,Low,,-0.5306072081014577
Maddy Siegrist,maddy siegrist,DAL,PHX,pr,12.5,prizepicks,,,13.733277185250213,13.184183376533017,7.610265261928523,20.574282864156967,5.180595268947809,7.610265261928523,13.184183376533017,20.574282864156967,0.5547,0.4453,19.668994819057176,low,Low,,1.2332771852502127
Marine Johannes,marine johannes,NYL,ATL,points,10.5,prizepicks,,,9.94263941384847,8.88956529943637,2.8278804354464326,18.117905047631677,6.230863501499691,2.8278804354464326,8.88956529943637,18.117905047631677,0.4013,0.5987,25.272732043895957,low,Low,8.735041358715105,-0.5573605861515301
Marine Johannes,marine johannes,NYL,ATL,assists,2.5,prizepicks,,,3.4614035301858066,3.101038356660143,0.9534870846234234,6.437159250992209,2.2313220150737467,0.9534870846234234,3.101038356660143,6.437159250992209,0.613,0.387,25.272732043895957,low,Low,3.063970735669954,0.9614035301858066
Marine Johannes,marine johannes,NYL,ATL,pra,16.0,prizepicks,,,15.858562344103266,14.867204010725949,8.083176131745882,24.769367020828792,6.745678066341491,8.083176131745882,14.867204010725949,24.769367020828792,0.4323,0.5677,25.272732043895957,low,Low,,-0.14143765589673407
Marine Johannes,marine johannes,NYL,ATL,pr,13.5,prizepicks,,,12.39715881391746,11.382084355245564,5.184925800037891,20.707549437152718,6.310938147200455,5.184925800037891,11.382084355245564,20.707549437152718,0.3714,0.6286,25.272732043895957,low,Low,,-1.1028411860825393
Marine Johannes,marine johannes,NYL,ATL,pa,13.5,prizepicks,,,13.404042944034277,12.391854354551942,5.742367222338517,22.223253231827805,6.6546987836012175,5.742367222338517,12.391854354551942,22.223253231827805,0.4339,0.5661,25.272732043895957,low,Low,,-0.09595705596572301
Megan Gustafson,megan gustafson,POR,LVA,points,11.5,prizepicks,,,11.186460290942305,10.656369213176612,5.845242095021748,17.097544723655453,4.501001476575301,5.845242095021748,10.656369213176612,17.097544723655453,0.4251,0.5749,20.129365305892755,low,Low,10.743554222288052,-0.3135397090576948
Megan Gustafson,megan gustafson,POR,LVA,rebounds,4.5,prizepicks,,,4.880658705467937,4.686687684913522,2.5991082823758904,7.425031589452205,1.9277462944541943,2.5991082823758904,4.686687684913522,7.425031589452205,0.5392,0.4608,20.129365305892755,low,Low,5.400120287728779,0.3806587054679369
Megan Gustafson,megan gustafson,POR,LVA,pra,16.5,prizepicks,,,17.252892345232052,16.72961260112367,11.087495782939033,24.04558446718672,5.124010533997724,11.087495782939033,16.72961260112367,24.04558446718672,0.5167,0.4833,20.129365305892755,low,Low,,0.752892345232052
Megan Gustafson,megan gustafson,POR,LVA,pr,16.5,prizepicks,,,16.067118996410244,15.520773993887666,9.997966762003841,22.78045854404184,5.038734702924244,9.997966762003841,15.520773993887666,22.78045854404184,0.4244,0.5756,20.129365305892755,low,Low,,-0.4328810035897561
Monique Akoa Makani,monique akoa makani,PHX,DAL,points,10.5,prizepicks,,,12.084253288227236,11.910985136414606,8.656400794738081,15.785946190874313,2.791450761030583,8.656400794738081,11.910985136414606,15.785946190874313,0.6991,0.3009,26.70107088605954,medium,Medium,13.136297105204292,1.5842532882272362
Monique Akoa Makani,monique akoa makani,PHX,DAL,pra,17.0,prizepicks,,,19.66829105552297,19.4617158843514,15.257108124870332,24.38834610789052,3.572357744513497,15.257108124870332,19.4617158843514,24.38834610789052,0.7685,0.2315,26.70107088605954,medium,Medium,,2.668291055522971
Monique Akoa Makani,monique akoa makani,PHX,DAL,pr,13.5,prizepicks,,,15.93271138273435,15.75738197170519,11.896841567244099,20.282163927405826,3.277003355204089,11.896841567244099,15.75738197170519,20.282163927405826,0.7637,0.2363,26.70107088605954,medium,Medium,,2.4327113827343503
Monique Akoa Makani,monique akoa makani,PHX,DAL,pa,13.5,prizepicks,,,15.819832961015862,15.646847766085907,11.987215011720542,19.85904480157179,3.099187687311446,11.987215011720542,15.646847766085907,19.85904480157179,0.7665,0.2335,26.70107088605954,medium,Medium,,2.3198329610158623
Monique Billings,monique billings,IND,CHI,points,5.5,prizepicks,,,5.372323728912487,4.688057582706289,1.307685798585991,10.414513721697013,3.7075988699536264,1.307685798585991,4.688057582706289,10.414513721697013,0.4081,0.5919,20.934139338024707,low,Low,4.605096531382465,-0.12767627108751256
Monique Billings,monique billings,IND,CHI,rebounds,4.5,prizepicks,,,5.138951239894981,4.812499134844495,2.260944781750009,8.419620182825845,2.4654858074220973,2.260944781750009,4.812499134844495,8.419620182825845,0.5507,0.4493,20.934139338024707,low,Low,5.132405806436836,0.6389512398949808
Monique Billings,monique billings,IND,CHI,pr,10.5,prizepicks,,,10.511274968807468,9.850204795144785,5.044411834260968,16.861342982757524,4.7100612178879935,5.044411834260968,9.850204795144785,16.861342982757524,0.4421,0.5579,20.934139338024707,low,Low,,0.011274968807468255
NaLyssa Smith,nalyssa smith,LVA,POR,points,10.0,prizepicks,,,11.943343362350145,11.526971642476248,6.815106002873824,17.53660836199438,4.256151853664527,6.815106002873824,11.526971642476248,17.53660836199438,0.6471,0.3529,20.65187875012878,medium,Medium,13.012617191529303,1.943343362350145
NaLyssa Smith,nalyssa smith,LVA,POR,rebounds,7.0,prizepicks,,,7.527504241743602,7.355355378775321,4.807835409408996,10.458053836081831,2.246047802820008,4.807835409408996,7.355355378775321,10.458053836081831,0.5636,0.4364,20.65187875012878,medium,Medium,8.17647058339201,0.5275042417436024
NaLyssa Smith,nalyssa smith,LVA,POR,pra,17.5,prizepicks,,,20.697160523785186,20.343370199118016,14.539625629580643,27.391123804719324,5.061014899056946,14.539625629580643,20.343370199118016,27.391123804719324,0.7198,0.2802,20.65187875012878,medium,Medium,,3.197160523785186
NaLyssa Smith,nalyssa smith,LVA,POR,pr,17.5,prizepicks,,,19.47084760409375,19.11943391367646,13.38391562267936,26.081119691460465,4.984699258331146,13.38391562267936,19.11943391367646,26.081119691460465,0.6293,0.3707,20.65187875012878,medium,Medium,,1.9708476040937484
Natasha Cloud,natasha cloud,CHI,IND,points,9.5,prizepicks,,,10.364714987385556,9.852030568352612,5.023568614436272,16.43638869161165,4.571368211359057,5.023568614436272,9.852030568352612,16.43638869161165,0.5322,0.4678,26.10260306625071,low,Low,11.168432009509464,0.8647149873855557
Natasha Cloud,natasha cloud,CHI,IND,assists,4.0,prizepicks,,,4.118865646437421,3.8446603062939264,1.7091465766304015,6.8225642631673,2.0766264949864235,1.7091465766304015,3.8446603062939264,6.8225642631673,0.4706,0.5294,26.10260306625071,low,Low,3.9928841266812967,0.11886564643742137
Natasha Cloud,natasha cloud,CHI,IND,pra,17.0,prizepicks,,,18.399885655549618,17.919359282094035,11.714472076463224,25.784954282746078,5.548561699291839,11.714472076463224,17.919359282094035,25.784954282746078,0.5672,0.4328,26.10260306625071,low,Low,,1.3998856555496175
Natasha Cloud,natasha cloud,CHI,IND,pr,13.0,prizepicks,,,14.281020009112195,13.830991993704433,8.277217492530106,20.87233442623635,5.004515795977528,8.277217492530106,13.830991993704433,20.87233442623635,0.5667,0.4333,26.10260306625071,low,Low,,1.2810200091121953
Natasha Cloud,natasha cloud,CHI,IND,pa,13.5,prizepicks,,,14.483580633822974,13.98398947019665,8.351447367671582,21.252463393039573,5.126729580828719,8.351447367671582,13.98398947019665,21.252463393039573,0.5365,0.4635,26.10260306625071,low,Low,,0.9835806338229744
Natasha Cloud,natasha cloud,CHI,IND,ra,7.5,prizepicks,,,8.035170668164062,7.75252868294252,4.6247175733657695,11.795343220520602,2.824614987236838,4.6247175733657695,7.75252868294252,11.795343220520602,0.5346,0.4654,26.10260306625071,low,Low,,0.5351706681640618
Natasha Mack,natasha mack,PHX,DAL,points,9.0,prizepicks,,,10.314661775411519,9.991184293624453,6.1735817834422395,14.865994999294502,3.4328402630700454,6.1735817834422395,9.991184293624453,14.865994999294502,0.6219,0.3781,24.375388412428943,low,Low,10.474551029029737,1.314661775411519
Natasha Mack,natasha mack,PHX,DAL,rebounds,9.0,prizepicks,,,7.622132323522706,7.467591910242996,5.1742430847069505,10.264491636760786,2.008983808076093,5.1742430847069505,7.467591910242996,10.264491636760786,0.2309,0.7691,24.375388412428943,low,Low,7.490136395008854,-1.377867676477294
Natasha Mack,natasha mack,PHX,DAL,pra,19.5,prizepicks,,,19.763170024627538,19.447884059018648,14.469558652055701,25.463939556662066,4.304009839386236,14.469558652055701,19.447884059018648,25.463939556662066,0.4938,0.5062,24.375388412428943,low,Low,,0.2631700246275379
Natasha Mack,natasha mack,PHX,DAL,pr,18.5,prizepicks,,,17.936794098934225,17.580276779760243,12.868316267660681,23.47122093141485,4.158393358597758,12.868316267660681,17.580276779760243,23.47122093141485,0.4118,0.5882,24.375388412428943,low,Low,,-0.5632059010657748
Naz Hillmon,naz hillmon,ATL,NYL,points,8.5,prizepicks,,,11.25676399189547,10.8918513869944,6.666861707959176,16.27645931926589,3.848521657377114,6.666861707959176,10.8918513869944,16.27645931926589,0.7525,0.2475,29.397742430225936,low,Low,13.132298584540749,2.75676399189547
Naz Hillmon,naz hillmon,ATL,NYL,pra,16.5,prizepicks,,,20.078776204993236,19.744016561918265,14.812484243843013,25.76145837706836,4.3222487995251715,14.812484243843013,19.744016561918265,25.76145837706836,0.7913,0.2087,29.397742430225936,low,Low,,3.578776204993236
Naz Hillmon,naz hillmon,ATL,NYL,pr,14.5,prizepicks,,,17.7242757746073,17.363079156516207,12.613063767640504,23.2222790840472,4.183714853836863,12.613063767640504,17.363079156516207,23.2222790840472,0.7758,0.2242,29.397742430225936,low,Low,,3.2242757746072996
Paige Bueckers,paige bueckers,DAL,PHX,points,18.5,prizepicks,,,15.574307943568177,15.237237076837978,9.895167151272902,21.605773239826235,4.665369008700588,9.895167151272902,15.237237076837978,21.605773239826235,0.2501,0.7499,29.429503211648463,medium,Medium,15.233802127084196,-2.9256920564318225
Paige Bueckers,paige bueckers,DAL,PHX,assists,6.0,prizepicks,,,6.019403753946798,5.797981712153668,3.1304081954698684,9.237882591502938,2.4096651760015755,3.1304081954698684,5.797981712153668,9.237882591502938,0.4641,0.5359,29.429503211648463,medium,Medium,6.13697158513169,0.01940375394679794
Paige Bueckers,paige bueckers,DAL,PHX,threes_made,1.5,prizepicks,,,1.6244222167935005,1.5484057015288324,0.7653384681010781,2.5789605285360353,0.7273856860628884,0.7653384681010781,1.5484057015288324,2.5789605285360353,0.5316,0.4684,29.429503211648463,medium,Medium,1.5696906330905467,0.12442221679350052
Paige Bueckers,paige bueckers,DAL,PHX,pra,28.0,prizepicks,,,25.5304665397926,25.128179167882738,18.685270254222647,32.92454064756139,5.647598676682625,18.685270254222647,25.128179167882738,32.92454064756139,0.3154,0.6846,29.429503211648463,medium,Medium,,-2.4695334602074013
Paige Bueckers,paige bueckers,DAL,PHX,pr,22.5,prizepicks,,,19.5110627858458,19.148519363399025,13.442345448936104,25.990233969535293,4.982364859146116,13.442345448936104,19.148519363399025,25.990233969535293,0.2588,0.7412,29.429503211648463,medium,Medium,,-2.9889372141541983
Paige Bueckers,paige bueckers,DAL,PHX,pa,24.5,prizepicks,,,21.593711697514976,21.244430240322643,14.988404118869022,28.559201338949656,5.357831456053876,14.988404118869022,21.244430240322643,28.559201338949656,0.2785,0.7215,29.429503211648463,medium,Medium,,-2.9062883024850237
Paige Bueckers,paige bueckers,DAL,PHX,ra,9.5,prizepicks,,,9.95615859622442,9.747807179606784,6.412019374926173,13.788236237127062,2.9142728281773054,6.412019374926173,9.747807179606784,13.788236237127062,0.5341,0.4659,29.429503211648463,medium,Medium,,0.45615859622441945
Pauline Astier,pauline astier,NYL,ATL,points,9.5,prizepicks,,,11.479460526718428,10.838164370562033,5.651344426151067,18.056934471589656,4.999997625028026,5.651344426151067,10.838164370562033,18.056934471589656,0.6181,0.3819,25.399191072811114,low,Low,11.118284919766685,1.9794605267184284
Pauline Astier,pauline astier,NYL,ATL,assists,4.0,prizepicks,,,3.4387236354769657,3.279344604335231,1.739343796976226,5.366543595657289,1.4303359568812788,1.739343796976226,3.279344604335231,5.366543595657289,0.3139,0.6861,25.399191072811114,low,Low,3.419745239294446,-0.5612763645230343
Pauline Astier,pauline astier,NYL,ATL,pra,17.0,prizepicks,,,18.46551049005005,17.927763647080067,11.891028844375525,25.71825554255047,5.584179513259866,11.891028844375525,17.927763647080067,25.71825554255047,0.564,0.436,25.399191072811114,low,Low,,1.4655104900500504
Pauline Astier,pauline astier,NYL,ATL,pa,14.5,prizepicks,,,14.918184162195397,14.275387449571955,8.688181242512723,21.782564841661923,5.257743175833986,8.688181242512723,14.275387449571955,21.782564841661923,0.485,0.515,25.399191072811114,low,Low,,0.4181841621953968
Rhyne Howard,rhyne howard,ATL,NYL,points,17.5,prizepicks,,,15.483551984918833,14.994121554773681,8.598082148545508,22.961687429729658,5.686019962532785,8.598082148545508,14.994121554773681,22.961687429729658,0.332,0.668,34.8782548683034,low,Low,14.984940039812109,-2.016448015081167
Rhyne Howard,rhyne howard,ATL,NYL,rebounds,3.5,prizepicks,,,3.4941034778250266,3.322447147368168,1.6203355192790803,5.5591676764295155,1.5647033361639326,1.6203355192790803,3.322447147368168,5.5591676764295155,0.4601,0.5399,34.8782548683034,low,Low,3.620556606954392,-0.005896522174973384
Rhyne Howard,rhyne howard,ATL,NYL,pra,23.5,prizepicks,,,23.075237252989215,22.604904681832437,15.503432554988311,31.216788014975823,6.177866451114036,15.503432554988311,22.604904681832437,31.216788014975823,0.4426,0.5574,34.8782548683034,low,Low,,-0.4247627470107851
Rhyne Howard,rhyne howard,ATL,NYL,pr,20.5,prizepicks,,,18.97765546274386,18.542882163232136,11.779362366218281,26.84769587996244,5.918000989678162,11.779362366218281,18.542882163232136,26.84769587996244,0.3678,0.6322,34.8782548683034,low,Low,,-1.5223445372561386
Rhyne Howard,rhyne howard,ATL,NYL,pa,20.5,prizepicks,,,19.58113377516419,19.084346414921406,12.33288775482816,27.396532445174046,5.944975966762337,12.33288775482816,19.084346414921406,27.396532445174046,0.4065,0.5935,34.8782548683034,low,Low,,-0.9188662248358099
Rhyne Howard,rhyne howard,ATL,NYL,ra,6.5,prizepicks,,,7.591685268070383,7.416258865414564,4.786815652930475,10.59513447575215,2.2993483139997632,4.786815652930475,7.416258865414564,10.59513447575215,0.6635,0.3365,34.8782548683034,low,Low,,1.0916852680703828
Sarah Ashlee Barker,sarah ashlee barker,POR,LVA,points,10.0,prizepicks,,,11.289590010545636,10.954042276074773,6.874535321734884,16.10156087255078,3.6256560801556468,6.874535321734884,10.954042276074773,16.10156087255078,0.6122,0.3878,23.42500635815187,low,Low,11.235592258360946,1.289590010545636
Sarah Ashlee Barker,sarah ashlee barker,POR,LVA,rebounds,4.5,prizepicks,,,5.434129778080774,5.247172807979487,3.0386440422333036,8.038848352876128,1.9912366991531585,3.0386440422333036,5.247172807979487,8.038848352876128,0.6589,0.3411,23.42500635815187,low,Low,5.4771884872468055,0.9341297780807736
Sarah Ashlee Barker,sarah ashlee barker,POR,LVA,assists,2.5,prizepicks,,,2.419669301324091,2.3277219972387333,1.3274258696174814,3.6680131394572233,0.9264603465815998,1.3274258696174814,2.3277219972387333,3.6680131394572233,0.4243,0.5757,23.42500635815187,low,Low,2.498221637872917,-0.08033069867590914
Sarah Ashlee Barker,sarah ashlee barker,POR,LVA,pra,17.5,prizepicks,,,19.1433890899505,18.8945636951727,13.685279332918102,24.861022371259367,4.369833261757527,13.685279332918102,18.8945636951727,24.861022371259367,0.6311,0.3689,23.42500635815187,low,Low,,1.6433890899504995
Sarah Ashlee Barker,sarah ashlee barker,POR,LVA,pr,14.5,prizepicks,,,16.723719788626408,16.41718027380972,11.501201243608875,22.246603718032457,4.225009947225765,11.501201243608875,16.41718027380972,22.246603718032457,0.6858,0.3142,23.42500635815187,low,Low,,2.2237197886264077
Sarah Ashlee Barker,sarah ashlee barker,POR,LVA,pa,12.5,prizepicks,,,13.709259311869722,13.417959187210428,9.09687925802614,18.730375673765504,3.7785498999032376,9.09687925802614,13.417959187210428,18.730375673765504,0.6014,0.3986,23.42500635815187,low,Low,,1.2092593118697224
Satou Sabally,satou sabally,NYL,ATL,points,11.0,prizepicks,,,10.502815006848929,9.460934391219265,3.468341993796404,18.668088762163663,6.18046511100319,3.468341993796404,9.460934391219265,18.668088762163663,0.4022,0.5978,18.719603299374807,medium,Medium,8.9244285005718,-0.49718499315107145
Satou Sabally,satou sabally,NYL,ATL,rebounds,4.0,prizepicks,,,4.091250326113072,3.861634681207744,2.0267727120716317,6.483556434026651,1.7737901055929313,2.0267727120716317,3.861634681207744,6.483556434026651,0.4674,0.5326,18.719603299374807,medium,Medium,4.191495790901972,0.09125032611307216
Satou Sabally,satou sabally,NYL,ATL,pra,16.5,prizepicks,,,16.415106510594626,15.463179490639707,8.492838922124811,25.484016569769448,6.841680275374449,8.492838922124811,15.463179490639707,25.484016569769448,0.4395,0.5605,18.719603299374807,medium,Medium,,-0.08489348940537411
Satou Sabally,satou sabally,NYL,ATL,pa,12.5,prizepicks,,,12.323856184481555,11.338606829713118,5.048757384718167,20.83251700640892,6.39485277483346,5.048757384718167,11.338606829713118,20.83251700640892,0.426,0.574,18.719603299374807,medium,Medium,,-0.17614381551844538
Skylar Diggins,skylar diggins,CHI,IND,points,15.5,prizepicks,,,13.63404376458696,13.020961720326305,6.949789348411244,21.04241218716383,5.655875841916918,6.949789348411244,13.020961720326305,21.04241218716383,0.332,0.668,28.621047887081495,low,Low,14.394461248504456,-1.8659562354130408
Skylar Diggins,skylar diggins,CHI,IND,assists,4.5,prizepicks,,,4.484537707741476,4.325873225303619,2.3146809998929054,6.863684070538099,1.8173393473628272,2.3146809998929054,4.325873225303619,6.863684070538099,0.4603,0.5397,28.621047887081495,low,Low,4.779877336375403,-0.015462292258524357
Skylar Diggins,skylar diggins,CHI,IND,pra,22.5,prizepicks,,,21.62196375929197,21.121850433543983,13.968136355114538,29.952885985593777,6.368008115461859,13.968136355114538,21.121850433543983,29.952885985593777,0.4096,0.5904,28.621047887081495,low,Low,,-0.8780362407080311
Skylar Diggins,skylar diggins,CHI,IND,pr,18.0,prizepicks,,,17.137426051550495,16.576699709714738,10.071014831304549,24.875042866140358,5.949353177723487,10.071014831304549,16.576699709714738,24.875042866140358,0.4039,0.5961,28.621047887081495,low,Low,,-0.862573948449505
Skylar Diggins,skylar diggins,CHI,IND,pa,19.5,prizepicks,,,18.118581472328433,17.565159841776417,10.836498145924272,26.0656730580032,6.070921624756835,10.836498145924272,17.565159841776417,26.0656730580032,0.3741,0.6259,28.621047887081495,low,Low,,-1.381418527671567
Skylar Diggins,skylar diggins,CHI,IND,ra,7.5,prizepicks,,,7.987919994705011,7.80252086887606,5.03192061829327,11.101742485089023,2.3856050875400583,5.03192061829327,7.80252086887606,11.101742485089023,0.5505,0.4495,28.621047887081495,low,Low,,0.4879199947050106
Sophie Cunningham,sophie cunningham,IND,CHI,points,7.5,prizepicks,,,8.01267141782436,7.583723273710647,3.3948946266117255,13.166103243550815,3.9191439973082094,3.3948946266117255,7.583723273710647,13.166103243550815,0.5079,0.4921,21.175568038629432,low,Low,7.761126948097356,0.5126714178243592
Sophie Cunningham,sophie cunningham,IND,CHI,pra,11.5,prizepicks,,,12.466544811356336,12.057621094158428,7.290413388022775,18.14330506887551,4.331804993989229,7.290413388022775,12.057621094158428,18.14330506887551,0.5527,0.4473,21.175568038629432,low,Low,,0.9665448113563357
