generated_at_utc,data_through,window_days,n_val,n_bets,A_minutes_mae,C_minutes_mae,A_minutes_rmse,C_minutes_rmse,A_proj_mae,C_proj_mae,A_proj_rmse,C_proj_rmse,A_brier,C_brier,A_log_loss,C_log_loss,A_coverage,C_coverage,A_accuracy,C_accuracy
2026-06-07T00:59:51.205452+00:00,2026-06-06,7,359,195,4.3756,4.2118,5.6014,5.3945,1.5326,1.4922,2.5739,2.5061,0.2654,0.269,0.7261,0.734,102,105,0.55,0.5294
2026-06-07T00:59:51.205452+00:00,2026-06-06,14,807,399,4.4674,4.1765,5.8739,5.432,1.5287,1.4888,2.5575,2.4767,0.2549,0.2542,0.7039,0.7025,247,248,0.5809,0.5809
2026-06-07T00:59:51.205452+00:00,2026-06-06,30,1755,941,5.0271,4.9657,6.6219,6.5046,1.5867,1.6122,2.6971,2.6818,0.2553,0.2524,0.7057,0.6989,687,678,0.5848,0.5837
2026-06-08T12:02:49.579060+00:00,2026-06-07,7,433,238,4.2716,4.0007,5.5203,5.1595,1.5188,1.4892,2.5172,2.4814,0.257,0.2547,0.7095,0.7047,130,134,0.5859,0.6031
2026-06-08T12:02:49.579060+00:00,2026-06-07,14,832,432,4.3724,4.0511,5.7746,5.3345,1.5198,1.4924,2.5152,2.4725,0.258,0.2546,0.7107,0.7036,253,270,0.576,0.5902
2026-06-08T12:02:49.579060+00:00,2026-06-07,30,1784,928,4.8787,4.7537,6.4237,6.2019,1.5718,1.5959,2.6435,2.6409,0.2525,0.2522,0.6995,0.6991,669,672,0.5802,0.5957
2026-06-15T12:03:02.772082+00:00,2026-06-14,7,467,299,4.4492,4.0843,5.5568,5.224,1.5525,1.5289,2.7162,2.6689,0.2643,0.2626,0.7229,0.7196,214,208,0.4739,0.4854
2026-06-15T12:03:02.772082+00:00,2026-06-14,14,902,540,4.3031,4.0714,5.4683,5.221,1.5383,1.508,2.6179,2.576,0.258,0.2575,0.7103,0.7093,350,347,0.5217,0.5205
2026-06-15T12:03:02.772082+00:00,2026-06-14,30,1809,1036,4.4135,4.302,5.7122,5.6226,1.5401,1.5177,2.605,2.5761,0.2503,0.2509,0.694,0.6955,693,693,0.5652,0.5658
