fight_id,event_name,event_date,fighter_red,fighter_blue,source,projection_player,projection_opponent,market_type,market_label,selection,line,probability
20e1c2f6d30d,UFC Fight Night: Fiziev vs. Torres,2026-06-27,Rafael Fiziev,Manuel Torres,simulation,,,moneyline,Rafael Fiziev win,red,,0.5932701938958451
20e1c2f6d30d,UFC Fight Night: Fiziev vs. Torres,2026-06-27,Rafael Fiziev,Manuel Torres,simulation,,,moneyline,Manuel Torres win,blue,,0.4067298061041549
20e1c2f6d30d,UFC Fight Night: Fiziev vs. Torres,2026-06-27,Rafael Fiziev,Manuel Torres,simulation,,,inside_distance,Fight ends inside distance,yes,,0.4676227805486694
20e1c2f6d30d,UFC Fight Night: Fiziev vs. Torres,2026-06-27,Rafael Fiziev,Manuel Torres,simulation,,,inside_distance,Fight goes to decision,no,,0.5323772194513305
20e1c2f6d30d,UFC Fight Night: Fiziev vs. Torres,2026-06-27,Rafael Fiziev,Manuel Torres,simulation,,,method,Win by KO/TKO,ko_tko,,0.3511916494483424
20e1c2f6d30d,UFC Fight Night: Fiziev vs. Torres,2026-06-27,Rafael Fiziev,Manuel Torres,simulation,,,method,Win by Submission,submission,,0.116431131100327
20e1c2f6d30d,UFC Fight Night: Fiziev vs. Torres,2026-06-27,Rafael Fiziev,Manuel Torres,simulation,,,method,Win by Decision,decision,,0.5323772194513305
20e1c2f6d30d,UFC Fight Night: Fiziev vs. Torres,2026-06-27,Rafael Fiziev,Manuel Torres,simulation,,,total_rounds,Under 1.5 rounds,under,1.5,0.3005241276293797
20e1c2f6d30d,UFC Fight Night: Fiziev vs. Torres,2026-06-27,Rafael Fiziev,Manuel Torres,simulation,,,total_rounds,Over 1.5 rounds,over,1.5,0.6994758723706203
20e1c2f6d30d,UFC Fight Night: Fiziev vs. Torres,2026-06-27,Rafael Fiziev,Manuel Torres,simulation,,,total_rounds,Under 2.5 rounds,under,2.5,0.4363770846710535
20e1c2f6d30d,UFC Fight Night: Fiziev vs. Torres,2026-06-27,Rafael Fiziev,Manuel Torres,simulation,,,total_rounds,Over 2.5 rounds,over,2.5,0.5636229153289465
209df83ff8e5,UFC Fight Night: Fiziev vs. Torres,2026-06-27,Shara Magomedov,Michel Pereira,simulation,,,moneyline,Shara Magomedov win,red,,0.643034862593477
209df83ff8e5,UFC Fight Night: Fiziev vs. Torres,2026-06-27,Shara Magomedov,Michel Pereira,simulation,,,moneyline,Michel Pereira win,blue,,0.356965137406523
209df83ff8e5,UFC Fight Night: Fiziev vs. Torres,2026-06-27,Shara Magomedov,Michel Pereira,simulation,,,inside_distance,Fight ends inside distance,yes,,0.3971573683673062
209df83ff8e5,UFC Fight Night: Fiziev vs. Torres,2026-06-27,Shara Magomedov,Michel Pereira,simulation,,,inside_distance,Fight goes to decision,no,,0.6028426316326938
209df83ff8e5,UFC Fight Night: Fiziev vs. Torres,2026-06-27,Shara Magomedov,Michel Pereira,simulation,,,method,Win by KO/TKO,ko_tko,,0.2891588695385102
209df83ff8e5,UFC Fight Night: Fiziev vs. Torres,2026-06-27,Shara Magomedov,Michel Pereira,simulation,,,method,Win by Submission,submission,,0.10799849882879596
209df83ff8e5,UFC Fight Night: Fiziev vs. Torres,2026-06-27,Shara Magomedov,Michel Pereira,simulation,,,method,Win by Decision,decision,,0.6028426316326938
209df83ff8e5,UFC Fight Night: Fiziev vs. Torres,2026-06-27,Shara Magomedov,Michel Pereira,simulation,,,total_rounds,Under 1.5 rounds,under,1.5,0.19543375462320042
209df83ff8e5,UFC Fight Night: Fiziev vs. Torres,2026-06-27,Shara Magomedov,Michel Pereira,simulation,,,total_rounds,Over 1.5 rounds,over,1.5,0.8045662453767995
209df83ff8e5,UFC Fight Night: Fiziev vs. Torres,2026-06-27,Shara Magomedov,Michel Pereira,simulation,,,total_rounds,Under 2.5 rounds,under,2.5,0.39336556569769004
209df83ff8e5,UFC Fight Night: Fiziev vs. Torres,2026-06-27,Shara Magomedov,Michel Pereira,simulation,,,total_rounds,Over 2.5 rounds,over,2.5,0.60663443430231
3b9e8bd568a1,UFC Fight Night: Fiziev vs. Torres,2026-06-27,Nazim Sadykhov,Matheus Camilo,simulation,,,moneyline,Nazim Sadykhov win,red,,0.6879116271563609
3b9e8bd568a1,UFC Fight Night: Fiziev vs. Torres,2026-06-27,Nazim Sadykhov,Matheus Camilo,simulation,,,moneyline,Matheus Camilo win,blue,,0.3120883728436391
3b9e8bd568a1,UFC Fight Night: Fiziev vs. Torres,2026-06-27,Nazim Sadykhov,Matheus Camilo,simulation,,,inside_distance,Fight ends inside distance,yes,,0.4516489370772215
3b9e8bd568a1,UFC Fight Night: Fiziev vs. Torres,2026-06-27,Nazim Sadykhov,Matheus Camilo,simulation,,,inside_distance,Fight goes to decision,no,,0.5483510629227786
3b9e8bd568a1,UFC Fight Night: Fiziev vs. Torres,2026-06-27,Nazim Sadykhov,Matheus Camilo,simulation,,,method,Win by KO/TKO,ko_tko,,0.24992272376318894
3b9e8bd568a1,UFC Fight Night: Fiziev vs. Torres,2026-06-27,Nazim Sadykhov,Matheus Camilo,simulation,,,method,Win by Submission,submission,,0.20172621331403254
3b9e8bd568a1,UFC Fight Night: Fiziev vs. Torres,2026-06-27,Nazim Sadykhov,Matheus Camilo,simulation,,,method,Win by Decision,decision,,0.5483510629227786
3b9e8bd568a1,UFC Fight Night: Fiziev vs. Torres,2026-06-27,Nazim Sadykhov,Matheus Camilo,simulation,,,total_rounds,Under 1.5 rounds,under,1.5,0.23977755597156394
3b9e8bd568a1,UFC Fight Night: Fiziev vs. Torres,2026-06-27,Nazim Sadykhov,Matheus Camilo,simulation,,,total_rounds,Over 1.5 rounds,over,1.5,0.7602224440284361
3b9e8bd568a1,UFC Fight Night: Fiziev vs. Torres,2026-06-27,Nazim Sadykhov,Matheus Camilo,simulation,,,total_rounds,Under 2.5 rounds,under,2.5,0.47610456372403814
3b9e8bd568a1,UFC Fight Night: Fiziev vs. Torres,2026-06-27,Nazim Sadykhov,Matheus Camilo,simulation,,,total_rounds,Over 2.5 rounds,over,2.5,0.5238954362759618
66f585bd9bfb,UFC Fight Night: Fiziev vs. Torres,2026-06-27,Asu Almabayev,Charles Johnson,simulation,,,moneyline,Asu Almabayev win,red,,0.795347322482052
66f585bd9bfb,UFC Fight Night: Fiziev vs. Torres,2026-06-27,Asu Almabayev,Charles Johnson,simulation,,,moneyline,Charles Johnson win,blue,,0.20465267751794802
66f585bd9bfb,UFC Fight Night: Fiziev vs. Torres,2026-06-27,Asu Almabayev,Charles Johnson,simulation,,,inside_distance,Fight ends inside distance,yes,,0.49673964767628376
66f585bd9bfb,UFC Fight Night: Fiziev vs. Torres,2026-06-27,Asu Almabayev,Charles Johnson,simulation,,,inside_distance,Fight goes to decision,no,,0.5032603523237162
66f585bd9bfb,UFC Fight Night: Fiziev vs. Torres,2026-06-27,Asu Almabayev,Charles Johnson,simulation,,,method,Win by KO/TKO,ko_tko,,0.21171243318979543
66f585bd9bfb,UFC Fight Night: Fiziev vs. Torres,2026-06-27,Asu Almabayev,Charles Johnson,simulation,,,method,Win by Submission,submission,,0.2850272144864883
66f585bd9bfb,UFC Fight Night: Fiziev vs. Torres,2026-06-27,Asu Almabayev,Charles Johnson,simulation,,,method,Win by Decision,decision,,0.5032603523237162
66f585bd9bfb,UFC Fight Night: Fiziev vs. Torres,2026-06-27,Asu Almabayev,Charles Johnson,simulation,,,total_rounds,Under 1.5 rounds,under,1.5,0.2860072467234592
66f585bd9bfb,UFC Fight Night: Fiziev vs. Torres,2026-06-27,Asu Almabayev,Charles Johnson,simulation,,,total_rounds,Over 1.5 rounds,over,1.5,0.7139927532765409
66f585bd9bfb,UFC Fight Night: Fiziev vs. Torres,2026-06-27,Asu Almabayev,Charles Johnson,simulation,,,total_rounds,Under 2.5 rounds,under,2.5,0.3900659126261628
66f585bd9bfb,UFC Fight Night: Fiziev vs. Torres,2026-06-27,Asu Almabayev,Charles Johnson,simulation,,,total_rounds,Over 2.5 rounds,over,2.5,0.6099340873738373
4c0682a70a66,UFC Fight Night: Fiziev vs. Torres,2026-06-27,Ikram Aliskerov,Brunno Ferreira,simulation,,,moneyline,Ikram Aliskerov win,red,,0.8194521625203842
4c0682a70a66,UFC Fight Night: Fiziev vs. Torres,2026-06-27,Ikram Aliskerov,Brunno Ferreira,simulation,,,moneyline,Brunno Ferreira win,blue,,0.18054783747961578
4c0682a70a66,UFC Fight Night: Fiziev vs. Torres,2026-06-27,Ikram Aliskerov,Brunno Ferreira,simulation,,,inside_distance,Fight ends inside distance,yes,,0.4440736547521589
4c0682a70a66,UFC Fight Night: Fiziev vs. Torres,2026-06-27,Ikram Aliskerov,Brunno Ferreira,simulation,,,inside_distance,Fight goes to decision,no,,0.5559263452478411
4c0682a70a66,UFC Fight Night: Fiziev vs. Torres,2026-06-27,Ikram Aliskerov,Brunno Ferreira,simulation,,,method,Win by KO/TKO,ko_tko,,0.2927235513228966
4c0682a70a66,UFC Fight Night: Fiziev vs. Torres,2026-06-27,Ikram Aliskerov,Brunno Ferreira,simulation,,,method,Win by Submission,submission,,0.15135010342926228
4c0682a70a66,UFC Fight Night: Fiziev vs. Torres,2026-06-27,Ikram Aliskerov,Brunno Ferreira,simulation,,,method,Win by Decision,decision,,0.5559263452478411
4c0682a70a66,UFC Fight Night: Fiziev vs. Torres,2026-06-27,Ikram Aliskerov,Brunno Ferreira,simulation,,,total_rounds,Under 1.5 rounds,under,1.5,0.27346220772501056
4c0682a70a66,UFC Fight Night: Fiziev vs. Torres,2026-06-27,Ikram Aliskerov,Brunno Ferreira,simulation,,,total_rounds,Over 1.5 rounds,over,1.5,0.7265377922749894
4c0682a70a66,UFC Fight Night: Fiziev vs. Torres,2026-06-27,Ikram Aliskerov,Brunno Ferreira,simulation,,,total_rounds,Under 2.5 rounds,under,2.5,0.39852656539764186
4c0682a70a66,UFC Fight Night: Fiziev vs. Torres,2026-06-27,Ikram Aliskerov,Brunno Ferreira,simulation,,,total_rounds,Over 2.5 rounds,over,2.5,0.6014734346023581
4a32238c7fcd,UFC Fight Night: Fiziev vs. Torres,2026-06-27,Abus Magomedov,Michal Oleksiejczuk,simulation,,,moneyline,Abus Magomedov win,red,,0.7437056208101086
4a32238c7fcd,UFC Fight Night: Fiziev vs. Torres,2026-06-27,Abus Magomedov,Michal Oleksiejczuk,simulation,,,moneyline,Michal Oleksiejczuk win,blue,,0.2562943791898914
4a32238c7fcd,UFC Fight Night: Fiziev vs. Torres,2026-06-27,Abus Magomedov,Michal Oleksiejczuk,simulation,,,inside_distance,Fight ends inside distance,yes,,0.5329692992332511
4a32238c7fcd,UFC Fight Night: Fiziev vs. Torres,2026-06-27,Abus Magomedov,Michal Oleksiejczuk,simulation,,,inside_distance,Fight goes to decision,no,,0.4670307007667489
4a32238c7fcd,UFC Fight Night: Fiziev vs. Torres,2026-06-27,Abus Magomedov,Michal Oleksiejczuk,simulation,,,method,Win by KO/TKO,ko_tko,,0.32866104840983473
4a32238c7fcd,UFC Fight Night: Fiziev vs. Torres,2026-06-27,Abus Magomedov,Michal Oleksiejczuk,simulation,,,method,Win by Submission,submission,,0.20430825082341642
4a32238c7fcd,UFC Fight Night: Fiziev vs. Torres,2026-06-27,Abus Magomedov,Michal Oleksiejczuk,simulation,,,method,Win by Decision,decision,,0.4670307007667489
4a32238c7fcd,UFC Fight Night: Fiziev vs. Torres,2026-06-27,Abus Magomedov,Michal Oleksiejczuk,simulation,,,total_rounds,Under 1.5 rounds,under,1.5,0.3028319788362215
4a32238c7fcd,UFC Fight Night: Fiziev vs. Torres,2026-06-27,Abus Magomedov,Michal Oleksiejczuk,simulation,,,total_rounds,Over 1.5 rounds,over,1.5,0.6971680211637785
4a32238c7fcd,UFC Fight Night: Fiziev vs. Torres,2026-06-27,Abus Magomedov,Michal Oleksiejczuk,simulation,,,total_rounds,Under 2.5 rounds,under,2.5,0.4043718555771194
4a32238c7fcd,UFC Fight Night: Fiziev vs. Torres,2026-06-27,Abus Magomedov,Michal Oleksiejczuk,simulation,,,total_rounds,Over 2.5 rounds,over,2.5,0.5956281444228806
d33a42912947,UFC Fight Night: Fiziev vs. Torres,2026-06-27,Farman Hasanov,Eric Nolan,simulation,,,moneyline,Farman Hasanov win,red,,0.8816652423404764
d33a42912947,UFC Fight Night: Fiziev vs. Torres,2026-06-27,Farman Hasanov,Eric Nolan,simulation,,,moneyline,Eric Nolan win,blue,,0.11833475765952362
d33a42912947,UFC Fight Night: Fiziev vs. Torres,2026-06-27,Farman Hasanov,Eric Nolan,simulation,,,inside_distance,Fight ends inside distance,yes,,0.4994269950870567
d33a42912947,UFC Fight Night: Fiziev vs. Torres,2026-06-27,Farman Hasanov,Eric Nolan,simulation,,,inside_distance,Fight goes to decision,no,,0.5005730049129433
d33a42912947,UFC Fight Night: Fiziev vs. Torres,2026-06-27,Farman Hasanov,Eric Nolan,simulation,,,method,Win by KO/TKO,ko_tko,,0.3200115585227097
d33a42912947,UFC Fight Night: Fiziev vs. Torres,2026-06-27,Farman Hasanov,Eric Nolan,simulation,,,method,Win by Submission,submission,,0.179415436564347
d33a42912947,UFC Fight Night: Fiziev vs. Torres,2026-06-27,Farman Hasanov,Eric Nolan,simulation,,,method,Win by Decision,decision,,0.5005730049129433
d33a42912947,UFC Fight Night: Fiziev vs. Torres,2026-06-27,Farman Hasanov,Eric Nolan,simulation,,,total_rounds,Under 1.5 rounds,under,1.5,0.3021946301383425
d33a42912947,UFC Fight Night: Fiziev vs. Torres,2026-06-27,Farman Hasanov,Eric Nolan,simulation,,,total_rounds,Over 1.5 rounds,over,1.5,0.6978053698616575
d33a42912947,UFC Fight Night: Fiziev vs. Torres,2026-06-27,Farman Hasanov,Eric Nolan,simulation,,,total_rounds,Under 2.5 rounds,under,2.5,0.43031081572312746
d33a42912947,UFC Fight Night: Fiziev vs. Torres,2026-06-27,Farman Hasanov,Eric Nolan,simulation,,,total_rounds,Over 2.5 rounds,over,2.5,0.5696891842768725
40155c672b5a,UFC Fight Night: Fiziev vs. Torres,2026-06-27,Abdul Rakhman Yakhyaev,Julius Walker,simulation,,,moneyline,Abdul Rakhman Yakhyaev win,red,,0.898233076439715
40155c672b5a,UFC Fight Night: Fiziev vs. Torres,2026-06-27,Abdul Rakhman Yakhyaev,Julius Walker,simulation,,,moneyline,Julius Walker win,blue,,0.10176692356028505
40155c672b5a,UFC Fight Night: Fiziev vs. Torres,2026-06-27,Abdul Rakhman Yakhyaev,Julius Walker,simulation,,,inside_distance,Fight ends inside distance,yes,,0.7782483116536968
40155c672b5a,UFC Fight Night: Fiziev vs. Torres,2026-06-27,Abdul Rakhman Yakhyaev,Julius Walker,simulation,,,inside_distance,Fight goes to decision,no,,0.2217516883463032
40155c672b5a,UFC Fight Night: Fiziev vs. Torres,2026-06-27,Abdul Rakhman Yakhyaev,Julius Walker,simulation,,,method,Win by KO/TKO,ko_tko,,0.25538387184451683
40155c672b5a,UFC Fight Night: Fiziev vs. Torres,2026-06-27,Abdul Rakhman Yakhyaev,Julius Walker,simulation,,,method,Win by Submission,submission,,0.52286443980918
40155c672b5a,UFC Fight Night: Fiziev vs. Torres,2026-06-27,Abdul Rakhman Yakhyaev,Julius Walker,simulation,,,method,Win by Decision,decision,,0.2217516883463032
40155c672b5a,UFC Fight Night: Fiziev vs. Torres,2026-06-27,Abdul Rakhman Yakhyaev,Julius Walker,simulation,,,total_rounds,Under 1.5 rounds,under,1.5,0.6348701660515048
40155c672b5a,UFC Fight Night: Fiziev vs. Torres,2026-06-27,Abdul Rakhman Yakhyaev,Julius Walker,simulation,,,total_rounds,Over 1.5 rounds,over,1.5,0.3651298339484952
40155c672b5a,UFC Fight Night: Fiziev vs. Torres,2026-06-27,Abdul Rakhman Yakhyaev,Julius Walker,simulation,,,total_rounds,Under 2.5 rounds,under,2.5,0.691970503014486
40155c672b5a,UFC Fight Night: Fiziev vs. Torres,2026-06-27,Abdul Rakhman Yakhyaev,Julius Walker,simulation,,,total_rounds,Over 2.5 rounds,over,2.5,0.30802949698551396
110018376333,UFC Fight Night: Fiziev vs. Torres,2026-06-27,Nursulton Ruziboev,Andrey Pulyaev,simulation,,,moneyline,Nursulton Ruziboev win,red,,0.6652646483545309
110018376333,UFC Fight Night: Fiziev vs. Torres,2026-06-27,Nursulton Ruziboev,Andrey Pulyaev,simulation,,,moneyline,Andrey Pulyaev win,blue,,0.3347353516454691
110018376333,UFC Fight Night: Fiziev vs. Torres,2026-06-27,Nursulton Ruziboev,Andrey Pulyaev,simulation,,,inside_distance,Fight ends inside distance,yes,,0.4559259297142959
110018376333,UFC Fight Night: Fiziev vs. Torres,2026-06-27,Nursulton Ruziboev,Andrey Pulyaev,simulation,,,inside_distance,Fight goes to decision,no,,0.5440740702857041
110018376333,UFC Fight Night: Fiziev vs. Torres,2026-06-27,Nursulton Ruziboev,Andrey Pulyaev,simulation,,,method,Win by KO/TKO,ko_tko,,0.32740121108085585
110018376333,UFC Fight Night: Fiziev vs. Torres,2026-06-27,Nursulton Ruziboev,Andrey Pulyaev,simulation,,,method,Win by Submission,submission,,0.1285247186334401
110018376333,UFC Fight Night: Fiziev vs. Torres,2026-06-27,Nursulton Ruziboev,Andrey Pulyaev,simulation,,,method,Win by Decision,decision,,0.5440740702857041
110018376333,UFC Fight Night: Fiziev vs. Torres,2026-06-27,Nursulton Ruziboev,Andrey Pulyaev,simulation,,,total_rounds,Under 1.5 rounds,under,1.5,0.26049279335475606
110018376333,UFC Fight Night: Fiziev vs. Torres,2026-06-27,Nursulton Ruziboev,Andrey Pulyaev,simulation,,,total_rounds,Over 1.5 rounds,over,1.5,0.7395072066452439
110018376333,UFC Fight Night: Fiziev vs. Torres,2026-06-27,Nursulton Ruziboev,Andrey Pulyaev,simulation,,,total_rounds,Under 2.5 rounds,under,2.5,0.4246907831873932
110018376333,UFC Fight Night: Fiziev vs. Torres,2026-06-27,Nursulton Ruziboev,Andrey Pulyaev,simulation,,,total_rounds,Over 2.5 rounds,over,2.5,0.5753092168126068
2921a4d4c53c,UFC Fight Night: Fiziev vs. Torres,2026-06-27,Kaan Ofli,Javier Reyes,simulation,,,moneyline,Kaan Ofli win,red,,0.4692872976686878
2921a4d4c53c,UFC Fight Night: Fiziev vs. Torres,2026-06-27,Kaan Ofli,Javier Reyes,simulation,,,moneyline,Javier Reyes win,blue,,0.5307127023313122
2921a4d4c53c,UFC Fight Night: Fiziev vs. Torres,2026-06-27,Kaan Ofli,Javier Reyes,simulation,,,inside_distance,Fight ends inside distance,yes,,0.5593907422265231
2921a4d4c53c,UFC Fight Night: Fiziev vs. Torres,2026-06-27,Kaan Ofli,Javier Reyes,simulation,,,inside_distance,Fight goes to decision,no,,0.4406092577734769
2921a4d4c53c,UFC Fight Night: Fiziev vs. Torres,2026-06-27,Kaan Ofli,Javier Reyes,simulation,,,method,Win by KO/TKO,ko_tko,,0.4290205289196228
2921a4d4c53c,UFC Fight Night: Fiziev vs. Torres,2026-06-27,Kaan Ofli,Javier Reyes,simulation,,,method,Win by Submission,submission,,0.1303702133069003
2921a4d4c53c,UFC Fight Night: Fiziev vs. Torres,2026-06-27,Kaan Ofli,Javier Reyes,simulation,,,method,Win by Decision,decision,,0.4406092577734769
2921a4d4c53c,UFC Fight Night: Fiziev vs. Torres,2026-06-27,Kaan Ofli,Javier Reyes,simulation,,,total_rounds,Under 1.5 rounds,under,1.5,0.3960640221532731
2921a4d4c53c,UFC Fight Night: Fiziev vs. Torres,2026-06-27,Kaan Ofli,Javier Reyes,simulation,,,total_rounds,Over 1.5 rounds,over,1.5,0.6039359778467269
2921a4d4c53c,UFC Fight Night: Fiziev vs. Torres,2026-06-27,Kaan Ofli,Javier Reyes,simulation,,,total_rounds,Under 2.5 rounds,under,2.5,0.516703080915047
2921a4d4c53c,UFC Fight Night: Fiziev vs. Torres,2026-06-27,Kaan Ofli,Javier Reyes,simulation,,,total_rounds,Over 2.5 rounds,over,2.5,0.483296919084953
58046de69ca6,UFC Fight Night: Fiziev vs. Torres,2026-06-27,Daniil Donchenko,Theodor Berggren,simulation,,,moneyline,Daniil Donchenko win,red,,0.8859299871093816
58046de69ca6,UFC Fight Night: Fiziev vs. Torres,2026-06-27,Daniil Donchenko,Theodor Berggren,simulation,,,moneyline,Theodor Berggren win,blue,,0.11407001289061836
58046de69ca6,UFC Fight Night: Fiziev vs. Torres,2026-06-27,Daniil Donchenko,Theodor Berggren,simulation,,,inside_distance,Fight ends inside distance,yes,,0.44416882460607027
58046de69ca6,UFC Fight Night: Fiziev vs. Torres,2026-06-27,Daniil Donchenko,Theodor Berggren,simulation,,,inside_distance,Fight goes to decision,no,,0.5558311753939298
58046de69ca6,UFC Fight Night: Fiziev vs. Torres,2026-06-27,Daniil Donchenko,Theodor Berggren,simulation,,,method,Win by KO/TKO,ko_tko,,0.3420264227000253
58046de69ca6,UFC Fight Night: Fiziev vs. Torres,2026-06-27,Daniil Donchenko,Theodor Berggren,simulation,,,method,Win by Submission,submission,,0.10214240190604497
58046de69ca6,UFC Fight Night: Fiziev vs. Torres,2026-06-27,Daniil Donchenko,Theodor Berggren,simulation,,,method,Win by Decision,decision,,0.5558311753939298
58046de69ca6,UFC Fight Night: Fiziev vs. Torres,2026-06-27,Daniil Donchenko,Theodor Berggren,simulation,,,total_rounds,Under 1.5 rounds,under,1.5,0.29540364278749026
58046de69ca6,UFC Fight Night: Fiziev vs. Torres,2026-06-27,Daniil Donchenko,Theodor Berggren,simulation,,,total_rounds,Over 1.5 rounds,over,1.5,0.7045963572125098
58046de69ca6,UFC Fight Night: Fiziev vs. Torres,2026-06-27,Daniil Donchenko,Theodor Berggren,simulation,,,total_rounds,Under 2.5 rounds,under,2.5,0.4232278537444521
58046de69ca6,UFC Fight Night: Fiziev vs. Torres,2026-06-27,Daniil Donchenko,Theodor Berggren,simulation,,,total_rounds,Over 2.5 rounds,over,2.5,0.576772146255548
2d4822c71690,UFC Fight Night: Fiziev vs. Torres,2026-06-27,Bekzat Almakhan,Jean Matsumoto,simulation,,,moneyline,Bekzat Almakhan win,red,,0.41656607532897716
2d4822c71690,UFC Fight Night: Fiziev vs. Torres,2026-06-27,Bekzat Almakhan,Jean Matsumoto,simulation,,,moneyline,Jean Matsumoto win,blue,,0.5834339246710228
2d4822c71690,UFC Fight Night: Fiziev vs. Torres,2026-06-27,Bekzat Almakhan,Jean Matsumoto,simulation,,,inside_distance,Fight ends inside distance,yes,,0.5473027833214202
2d4822c71690,UFC Fight Night: Fiziev vs. Torres,2026-06-27,Bekzat Almakhan,Jean Matsumoto,simulation,,,inside_distance,Fight goes to decision,no,,0.45269721667857976
2d4822c71690,UFC Fight Night: Fiziev vs. Torres,2026-06-27,Bekzat Almakhan,Jean Matsumoto,simulation,,,method,Win by KO/TKO,ko_tko,,0.44996414594265555
2d4822c71690,UFC Fight Night: Fiziev vs. Torres,2026-06-27,Bekzat Almakhan,Jean Matsumoto,simulation,,,method,Win by Submission,submission,,0.09733863737876465
2d4822c71690,UFC Fight Night: Fiziev vs. Torres,2026-06-27,Bekzat Almakhan,Jean Matsumoto,simulation,,,method,Win by Decision,decision,,0.45269721667857976
2d4822c71690,UFC Fight Night: Fiziev vs. Torres,2026-06-27,Bekzat Almakhan,Jean Matsumoto,simulation,,,total_rounds,Under 1.5 rounds,under,1.5,0.29282951124088696
2d4822c71690,UFC Fight Night: Fiziev vs. Torres,2026-06-27,Bekzat Almakhan,Jean Matsumoto,simulation,,,total_rounds,Over 1.5 rounds,over,1.5,0.707170488759113
2d4822c71690,UFC Fight Night: Fiziev vs. Torres,2026-06-27,Bekzat Almakhan,Jean Matsumoto,simulation,,,total_rounds,Under 2.5 rounds,under,2.5,0.42677194602082114
2d4822c71690,UFC Fight Night: Fiziev vs. Torres,2026-06-27,Bekzat Almakhan,Jean Matsumoto,simulation,,,total_rounds,Over 2.5 rounds,over,2.5,0.5732280539791789
c9367e6d472b,UFC Fight Night: Fiziev vs. Torres,2026-06-27,Tahir Abdullayev,Jefferson Nascimento,simulation,,,moneyline,Tahir Abdullayev win,red,,0.7290062152162007
c9367e6d472b,UFC Fight Night: Fiziev vs. Torres,2026-06-27,Tahir Abdullayev,Jefferson Nascimento,simulation,,,moneyline,Jefferson Nascimento win,blue,,0.2709937847837993
c9367e6d472b,UFC Fight Night: Fiziev vs. Torres,2026-06-27,Tahir Abdullayev,Jefferson Nascimento,simulation,,,inside_distance,Fight ends inside distance,yes,,0.36663677750188917
c9367e6d472b,UFC Fight Night: Fiziev vs. Torres,2026-06-27,Tahir Abdullayev,Jefferson Nascimento,simulation,,,inside_distance,Fight goes to decision,no,,0.6333632224981108
c9367e6d472b,UFC Fight Night: Fiziev vs. Torres,2026-06-27,Tahir Abdullayev,Jefferson Nascimento,simulation,,,method,Win by KO/TKO,ko_tko,,0.25184728513914245
c9367e6d472b,UFC Fight Night: Fiziev vs. Torres,2026-06-27,Tahir Abdullayev,Jefferson Nascimento,simulation,,,method,Win by Submission,submission,,0.11478949236274673
c9367e6d472b,UFC Fight Night: Fiziev vs. Torres,2026-06-27,Tahir Abdullayev,Jefferson Nascimento,simulation,,,method,Win by Decision,decision,,0.6333632224981108
c9367e6d472b,UFC Fight Night: Fiziev vs. Torres,2026-06-27,Tahir Abdullayev,Jefferson Nascimento,simulation,,,total_rounds,Under 1.5 rounds,under,1.5,0.21050034496056697
c9367e6d472b,UFC Fight Night: Fiziev vs. Torres,2026-06-27,Tahir Abdullayev,Jefferson Nascimento,simulation,,,total_rounds,Over 1.5 rounds,over,1.5,0.7894996550394331
c9367e6d472b,UFC Fight Night: Fiziev vs. Torres,2026-06-27,Tahir Abdullayev,Jefferson Nascimento,simulation,,,total_rounds,Under 2.5 rounds,under,2.5,0.32519599176306163
c9367e6d472b,UFC Fight Night: Fiziev vs. Torres,2026-06-27,Tahir Abdullayev,Jefferson Nascimento,simulation,,,total_rounds,Over 2.5 rounds,over,2.5,0.6748040082369384
2e6a7c73429d,UFC 329: McGregor vs. Holloway 2,2026-07-11,Conor McGregor,Max Holloway,simulation,,,moneyline,Conor McGregor win,red,,0.6555915215807679
2e6a7c73429d,UFC 329: McGregor vs. Holloway 2,2026-07-11,Conor McGregor,Max Holloway,simulation,,,moneyline,Max Holloway win,blue,,0.34440847841923206
2e6a7c73429d,UFC 329: McGregor vs. Holloway 2,2026-07-11,Conor McGregor,Max Holloway,simulation,,,inside_distance,Fight ends inside distance,yes,,0.3896868176027894
2e6a7c73429d,UFC 329: McGregor vs. Holloway 2,2026-07-11,Conor McGregor,Max Holloway,simulation,,,inside_distance,Fight goes to decision,no,,0.6103131823972106
2e6a7c73429d,UFC 329: McGregor vs. Holloway 2,2026-07-11,Conor McGregor,Max Holloway,simulation,,,method,Win by KO/TKO,ko_tko,,0.2791705089482035
2e6a7c73429d,UFC 329: McGregor vs. Holloway 2,2026-07-11,Conor McGregor,Max Holloway,simulation,,,method,Win by Submission,submission,,0.1105163086545859
2e6a7c73429d,UFC 329: McGregor vs. Holloway 2,2026-07-11,Conor McGregor,Max Holloway,simulation,,,method,Win by Decision,decision,,0.6103131823972106
2e6a7c73429d,UFC 329: McGregor vs. Holloway 2,2026-07-11,Conor McGregor,Max Holloway,simulation,,,total_rounds,Under 1.5 rounds,under,1.5,0.1923213483481398
2e6a7c73429d,UFC 329: McGregor vs. Holloway 2,2026-07-11,Conor McGregor,Max Holloway,simulation,,,total_rounds,Over 1.5 rounds,over,1.5,0.8076786516518601
2e6a7c73429d,UFC 329: McGregor vs. Holloway 2,2026-07-11,Conor McGregor,Max Holloway,simulation,,,total_rounds,Under 2.5 rounds,under,2.5,0.32883875126681533
2e6a7c73429d,UFC 329: McGregor vs. Holloway 2,2026-07-11,Conor McGregor,Max Holloway,simulation,,,total_rounds,Over 2.5 rounds,over,2.5,0.6711612487331846
f10938ac9083,UFC 329: McGregor vs. Holloway 2,2026-07-11,Benoit Saint Denis,Paddy Pimblett,simulation,,,moneyline,Benoit Saint Denis win,red,,0.8594956845319719
f10938ac9083,UFC 329: McGregor vs. Holloway 2,2026-07-11,Benoit Saint Denis,Paddy Pimblett,simulation,,,moneyline,Paddy Pimblett win,blue,,0.1405043154680281
f10938ac9083,UFC 329: McGregor vs. Holloway 2,2026-07-11,Benoit Saint Denis,Paddy Pimblett,simulation,,,inside_distance,Fight ends inside distance,yes,,0.4195737368388541
f10938ac9083,UFC 329: McGregor vs. Holloway 2,2026-07-11,Benoit Saint Denis,Paddy Pimblett,simulation,,,inside_distance,Fight goes to decision,no,,0.5804262631611459
f10938ac9083,UFC 329: McGregor vs. Holloway 2,2026-07-11,Benoit Saint Denis,Paddy Pimblett,simulation,,,method,Win by KO/TKO,ko_tko,,0.2033799955638554
f10938ac9083,UFC 329: McGregor vs. Holloway 2,2026-07-11,Benoit Saint Denis,Paddy Pimblett,simulation,,,method,Win by Submission,submission,,0.21619374127499877
f10938ac9083,UFC 329: McGregor vs. Holloway 2,2026-07-11,Benoit Saint Denis,Paddy Pimblett,simulation,,,method,Win by Decision,decision,,0.5804262631611459
f10938ac9083,UFC 329: McGregor vs. Holloway 2,2026-07-11,Benoit Saint Denis,Paddy Pimblett,simulation,,,total_rounds,Under 1.5 rounds,under,1.5,0.23968898069277655
f10938ac9083,UFC 329: McGregor vs. Holloway 2,2026-07-11,Benoit Saint Denis,Paddy Pimblett,simulation,,,total_rounds,Over 1.5 rounds,over,1.5,0.7603110193072234
f10938ac9083,UFC 329: McGregor vs. Holloway 2,2026-07-11,Benoit Saint Denis,Paddy Pimblett,simulation,,,total_rounds,Under 2.5 rounds,under,2.5,0.3777806075152517
f10938ac9083,UFC 329: McGregor vs. Holloway 2,2026-07-11,Benoit Saint Denis,Paddy Pimblett,simulation,,,total_rounds,Over 2.5 rounds,over,2.5,0.6222193924847483
b666ed543692,UFC 329: McGregor vs. Holloway 2,2026-07-11,Cory Sandhagen,Mario Bautista,simulation,,,moneyline,Cory Sandhagen win,red,,0.6986096137914269
b666ed543692,UFC 329: McGregor vs. Holloway 2,2026-07-11,Cory Sandhagen,Mario Bautista,simulation,,,moneyline,Mario Bautista win,blue,,0.30139038620857306
b666ed543692,UFC 329: McGregor vs. Holloway 2,2026-07-11,Cory Sandhagen,Mario Bautista,simulation,,,inside_distance,Fight ends inside distance,yes,,0.37049981148192934
b666ed543692,UFC 329: McGregor vs. Holloway 2,2026-07-11,Cory Sandhagen,Mario Bautista,simulation,,,inside_distance,Fight goes to decision,no,,0.6295001885180707
b666ed543692,UFC 329: McGregor vs. Holloway 2,2026-07-11,Cory Sandhagen,Mario Bautista,simulation,,,method,Win by KO/TKO,ko_tko,,0.26187462317123666
b666ed543692,UFC 329: McGregor vs. Holloway 2,2026-07-11,Cory Sandhagen,Mario Bautista,simulation,,,method,Win by Submission,submission,,0.10862518831069269
b666ed543692,UFC 329: McGregor vs. Holloway 2,2026-07-11,Cory Sandhagen,Mario Bautista,simulation,,,method,Win by Decision,decision,,0.6295001885180707
b666ed543692,UFC 329: McGregor vs. Holloway 2,2026-07-11,Cory Sandhagen,Mario Bautista,simulation,,,total_rounds,Under 1.5 rounds,under,1.5,0.19630869173440774
b666ed543692,UFC 329: McGregor vs. Holloway 2,2026-07-11,Cory Sandhagen,Mario Bautista,simulation,,,total_rounds,Over 1.5 rounds,over,1.5,0.8036913082655923
b666ed543692,UFC 329: McGregor vs. Holloway 2,2026-07-11,Cory Sandhagen,Mario Bautista,simulation,,,total_rounds,Under 2.5 rounds,under,2.5,0.3150500681713472
b666ed543692,UFC 329: McGregor vs. Holloway 2,2026-07-11,Cory Sandhagen,Mario Bautista,simulation,,,total_rounds,Over 2.5 rounds,over,2.5,0.6849499318286528
9adb2a65530c,UFC 329: McGregor vs. Holloway 2,2026-07-11,Brandon Royval,Lone'er Kavanagh,simulation,,,moneyline,Brandon Royval win,red,,0.7123142218229211
9adb2a65530c,UFC 329: McGregor vs. Holloway 2,2026-07-11,Brandon Royval,Lone'er Kavanagh,simulation,,,moneyline,Lone'er Kavanagh win,blue,,0.28768577817707885
9adb2a65530c,UFC 329: McGregor vs. Holloway 2,2026-07-11,Brandon Royval,Lone'er Kavanagh,simulation,,,inside_distance,Fight ends inside distance,yes,,0.5635287306742114
9adb2a65530c,UFC 329: McGregor vs. Holloway 2,2026-07-11,Brandon Royval,Lone'er Kavanagh,simulation,,,inside_distance,Fight goes to decision,no,,0.4364712693257886
9adb2a65530c,UFC 329: McGregor vs. Holloway 2,2026-07-11,Brandon Royval,Lone'er Kavanagh,simulation,,,method,Win by KO/TKO,ko_tko,,0.30521345944253414
9adb2a65530c,UFC 329: McGregor vs. Holloway 2,2026-07-11,Brandon Royval,Lone'er Kavanagh,simulation,,,method,Win by Submission,submission,,0.2583152712316772
9adb2a65530c,UFC 329: McGregor vs. Holloway 2,2026-07-11,Brandon Royval,Lone'er Kavanagh,simulation,,,method,Win by Decision,decision,,0.4364712693257886
9adb2a65530c,UFC 329: McGregor vs. Holloway 2,2026-07-11,Brandon Royval,Lone'er Kavanagh,simulation,,,total_rounds,Under 1.5 rounds,under,1.5,0.3744776844539611
9adb2a65530c,UFC 329: McGregor vs. Holloway 2,2026-07-11,Brandon Royval,Lone'er Kavanagh,simulation,,,total_rounds,Over 1.5 rounds,over,1.5,0.6255223155460389
9adb2a65530c,UFC 329: McGregor vs. Holloway 2,2026-07-11,Brandon Royval,Lone'er Kavanagh,simulation,,,total_rounds,Under 2.5 rounds,under,2.5,0.6069237436939313
9adb2a65530c,UFC 329: McGregor vs. Holloway 2,2026-07-11,Brandon Royval,Lone'er Kavanagh,simulation,,,total_rounds,Over 2.5 rounds,over,2.5,0.3930762563060687
e230d3e6938c,UFC 329: McGregor vs. Holloway 2,2026-07-11,King Green,Terrance McKinney,simulation,,,moneyline,King Green win,red,,0.6570360967909228
e230d3e6938c,UFC 329: McGregor vs. Holloway 2,2026-07-11,King Green,Terrance McKinney,simulation,,,moneyline,Terrance McKinney win,blue,,0.3429639032090772
e230d3e6938c,UFC 329: McGregor vs. Holloway 2,2026-07-11,King Green,Terrance McKinney,simulation,,,inside_distance,Fight ends inside distance,yes,,0.5127294817311512
e230d3e6938c,UFC 329: McGregor vs. Holloway 2,2026-07-11,King Green,Terrance McKinney,simulation,,,inside_distance,Fight goes to decision,no,,0.4872705182688488
e230d3e6938c,UFC 329: McGregor vs. Holloway 2,2026-07-11,King Green,Terrance McKinney,simulation,,,method,Win by KO/TKO,ko_tko,,0.3452523193976569
e230d3e6938c,UFC 329: McGregor vs. Holloway 2,2026-07-11,King Green,Terrance McKinney,simulation,,,method,Win by Submission,submission,,0.1674771623334943
e230d3e6938c,UFC 329: McGregor vs. Holloway 2,2026-07-11,King Green,Terrance McKinney,simulation,,,method,Win by Decision,decision,,0.4872705182688488
e230d3e6938c,UFC 329: McGregor vs. Holloway 2,2026-07-11,King Green,Terrance McKinney,simulation,,,total_rounds,Under 1.5 rounds,under,1.5,0.4308721381924757
e230d3e6938c,UFC 329: McGregor vs. Holloway 2,2026-07-11,King Green,Terrance McKinney,simulation,,,total_rounds,Over 1.5 rounds,over,1.5,0.5691278618075243
e230d3e6938c,UFC 329: McGregor vs. Holloway 2,2026-07-11,King Green,Terrance McKinney,simulation,,,total_rounds,Under 2.5 rounds,under,2.5,0.44310277262358094
e230d3e6938c,UFC 329: McGregor vs. Holloway 2,2026-07-11,King Green,Terrance McKinney,simulation,,,total_rounds,Over 2.5 rounds,over,2.5,0.556897227376419
804cdcfe0b6d,UFC 329: McGregor vs. Holloway 2,2026-07-11,Nikita Krylov,Robert Whittaker,simulation,,,moneyline,Nikita Krylov win,red,,0.737812598013928
804cdcfe0b6d,UFC 329: McGregor vs. Holloway 2,2026-07-11,Nikita Krylov,Robert Whittaker,simulation,,,moneyline,Robert Whittaker win,blue,,0.26218740198607204
804cdcfe0b6d,UFC 329: McGregor vs. Holloway 2,2026-07-11,Nikita Krylov,Robert Whittaker,simulation,,,inside_distance,Fight ends inside distance,yes,,0.5757085600186195
804cdcfe0b6d,UFC 329: McGregor vs. Holloway 2,2026-07-11,Nikita Krylov,Robert Whittaker,simulation,,,inside_distance,Fight goes to decision,no,,0.4242914399813805
804cdcfe0b6d,UFC 329: McGregor vs. Holloway 2,2026-07-11,Nikita Krylov,Robert Whittaker,simulation,,,method,Win by KO/TKO,ko_tko,,0.26250209819094417
804cdcfe0b6d,UFC 329: McGregor vs. Holloway 2,2026-07-11,Nikita Krylov,Robert Whittaker,simulation,,,method,Win by Submission,submission,,0.3132064618276753
804cdcfe0b6d,UFC 329: McGregor vs. Holloway 2,2026-07-11,Nikita Krylov,Robert Whittaker,simulation,,,method,Win by Decision,decision,,0.4242914399813805
804cdcfe0b6d,UFC 329: McGregor vs. Holloway 2,2026-07-11,Nikita Krylov,Robert Whittaker,simulation,,,total_rounds,Under 1.5 rounds,under,1.5,0.23833311555605383
804cdcfe0b6d,UFC 329: McGregor vs. Holloway 2,2026-07-11,Nikita Krylov,Robert Whittaker,simulation,,,total_rounds,Over 1.5 rounds,over,1.5,0.7616668844439461
804cdcfe0b6d,UFC 329: McGregor vs. Holloway 2,2026-07-11,Nikita Krylov,Robert Whittaker,simulation,,,total_rounds,Under 2.5 rounds,under,2.5,0.5136761815570648
804cdcfe0b6d,UFC 329: McGregor vs. Holloway 2,2026-07-11,Nikita Krylov,Robert Whittaker,simulation,,,total_rounds,Over 2.5 rounds,over,2.5,0.48632381844293515
ccaac8c6e78a,UFC 329: McGregor vs. Holloway 2,2026-07-11,Gable Steveson,Elisha Ellison,simulation,,,moneyline,Gable Steveson win,red,,0.8145490652812114
ccaac8c6e78a,UFC 329: McGregor vs. Holloway 2,2026-07-11,Gable Steveson,Elisha Ellison,simulation,,,moneyline,Elisha Ellison win,blue,,0.1854509347187886
ccaac8c6e78a,UFC 329: McGregor vs. Holloway 2,2026-07-11,Gable Steveson,Elisha Ellison,simulation,,,inside_distance,Fight ends inside distance,yes,,0.4966139917631578
ccaac8c6e78a,UFC 329: McGregor vs. Holloway 2,2026-07-11,Gable Steveson,Elisha Ellison,simulation,,,inside_distance,Fight goes to decision,no,,0.5033860082368422
ccaac8c6e78a,UFC 329: McGregor vs. Holloway 2,2026-07-11,Gable Steveson,Elisha Ellison,simulation,,,method,Win by KO/TKO,ko_tko,,0.3200554363592381
ccaac8c6e78a,UFC 329: McGregor vs. Holloway 2,2026-07-11,Gable Steveson,Elisha Ellison,simulation,,,method,Win by Submission,submission,,0.17655855540391965
ccaac8c6e78a,UFC 329: McGregor vs. Holloway 2,2026-07-11,Gable Steveson,Elisha Ellison,simulation,,,method,Win by Decision,decision,,0.5033860082368422
ccaac8c6e78a,UFC 329: McGregor vs. Holloway 2,2026-07-11,Gable Steveson,Elisha Ellison,simulation,,,total_rounds,Under 1.5 rounds,under,1.5,0.34797512330206665
ccaac8c6e78a,UFC 329: McGregor vs. Holloway 2,2026-07-11,Gable Steveson,Elisha Ellison,simulation,,,total_rounds,Over 1.5 rounds,over,1.5,0.6520248766979333
ccaac8c6e78a,UFC 329: McGregor vs. Holloway 2,2026-07-11,Gable Steveson,Elisha Ellison,simulation,,,total_rounds,Under 2.5 rounds,under,2.5,0.4466722879334472
ccaac8c6e78a,UFC 329: McGregor vs. Holloway 2,2026-07-11,Gable Steveson,Elisha Ellison,simulation,,,total_rounds,Over 2.5 rounds,over,2.5,0.5533277120665527
0f0f0f8aeaed,UFC 329: McGregor vs. Holloway 2,2026-07-11,Cody Garbrandt,Adrian Yanez,simulation,,,moneyline,Cody Garbrandt win,red,,0.6979246999556886
0f0f0f8aeaed,UFC 329: McGregor vs. Holloway 2,2026-07-11,Cody Garbrandt,Adrian Yanez,simulation,,,moneyline,Adrian Yanez win,blue,,0.3020753000443114
0f0f0f8aeaed,UFC 329: McGregor vs. Holloway 2,2026-07-11,Cody Garbrandt,Adrian Yanez,simulation,,,inside_distance,Fight ends inside distance,yes,,0.41512177413864143
0f0f0f8aeaed,UFC 329: McGregor vs. Holloway 2,2026-07-11,Cody Garbrandt,Adrian Yanez,simulation,,,inside_distance,Fight goes to decision,no,,0.5848782258613585
0f0f0f8aeaed,UFC 329: McGregor vs. Holloway 2,2026-07-11,Cody Garbrandt,Adrian Yanez,simulation,,,method,Win by KO/TKO,ko_tko,,0.3184395096354642
0f0f0f8aeaed,UFC 329: McGregor vs. Holloway 2,2026-07-11,Cody Garbrandt,Adrian Yanez,simulation,,,method,Win by Submission,submission,,0.09668226450317724
0f0f0f8aeaed,UFC 329: McGregor vs. Holloway 2,2026-07-11,Cody Garbrandt,Adrian Yanez,simulation,,,method,Win by Decision,decision,,0.5848782258613585
0f0f0f8aeaed,UFC 329: McGregor vs. Holloway 2,2026-07-11,Cody Garbrandt,Adrian Yanez,simulation,,,total_rounds,Under 1.5 rounds,under,1.5,0.29143757105612444
0f0f0f8aeaed,UFC 329: McGregor vs. Holloway 2,2026-07-11,Cody Garbrandt,Adrian Yanez,simulation,,,total_rounds,Over 1.5 rounds,over,1.5,0.7085624289438756
0f0f0f8aeaed,UFC 329: McGregor vs. Holloway 2,2026-07-11,Cody Garbrandt,Adrian Yanez,simulation,,,total_rounds,Under 2.5 rounds,under,2.5,0.3655772244024936
0f0f0f8aeaed,UFC 329: McGregor vs. Holloway 2,2026-07-11,Cody Garbrandt,Adrian Yanez,simulation,,,total_rounds,Over 2.5 rounds,over,2.5,0.6344227755975065
e82c15720856,UFC 329: McGregor vs. Holloway 2,2026-07-11,Luke Riley,Kai Kamaka III,simulation,,,moneyline,Luke Riley win,red,,0.6039887943704119
e82c15720856,UFC 329: McGregor vs. Holloway 2,2026-07-11,Luke Riley,Kai Kamaka III,simulation,,,moneyline,Kai Kamaka III win,blue,,0.39601120562958814
e82c15720856,UFC 329: McGregor vs. Holloway 2,2026-07-11,Luke Riley,Kai Kamaka III,simulation,,,inside_distance,Fight ends inside distance,yes,,0.3449436046737298
e82c15720856,UFC 329: McGregor vs. Holloway 2,2026-07-11,Luke Riley,Kai Kamaka III,simulation,,,inside_distance,Fight goes to decision,no,,0.6550563953262702
e82c15720856,UFC 329: McGregor vs. Holloway 2,2026-07-11,Luke Riley,Kai Kamaka III,simulation,,,method,Win by KO/TKO,ko_tko,,0.24977406948411474
e82c15720856,UFC 329: McGregor vs. Holloway 2,2026-07-11,Luke Riley,Kai Kamaka III,simulation,,,method,Win by Submission,submission,,0.09516953518961506
e82c15720856,UFC 329: McGregor vs. Holloway 2,2026-07-11,Luke Riley,Kai Kamaka III,simulation,,,method,Win by Decision,decision,,0.6550563953262702
e82c15720856,UFC 329: McGregor vs. Holloway 2,2026-07-11,Luke Riley,Kai Kamaka III,simulation,,,total_rounds,Under 1.5 rounds,under,1.5,0.1782989446152722
e82c15720856,UFC 329: McGregor vs. Holloway 2,2026-07-11,Luke Riley,Kai Kamaka III,simulation,,,total_rounds,Over 1.5 rounds,over,1.5,0.8217010553847278
e82c15720856,UFC 329: McGregor vs. Holloway 2,2026-07-11,Luke Riley,Kai Kamaka III,simulation,,,total_rounds,Under 2.5 rounds,under,2.5,0.2996916782851565
e82c15720856,UFC 329: McGregor vs. Holloway 2,2026-07-11,Luke Riley,Kai Kamaka III,simulation,,,total_rounds,Over 2.5 rounds,over,2.5,0.7003083217148435
63c8f62f5efd,UFC 329: McGregor vs. Holloway 2,2026-07-11,Tracy Cortez,Wang Cong,simulation,,,moneyline,Tracy Cortez win,red,,0.45136535605918376
63c8f62f5efd,UFC 329: McGregor vs. Holloway 2,2026-07-11,Tracy Cortez,Wang Cong,simulation,,,moneyline,Wang Cong win,blue,,0.5486346439408163
63c8f62f5efd,UFC 329: McGregor vs. Holloway 2,2026-07-11,Tracy Cortez,Wang Cong,simulation,,,inside_distance,Fight ends inside distance,yes,,0.47455647013926433
63c8f62f5efd,UFC 329: McGregor vs. Holloway 2,2026-07-11,Tracy Cortez,Wang Cong,simulation,,,inside_distance,Fight goes to decision,no,,0.5254435298607356
63c8f62f5efd,UFC 329: McGregor vs. Holloway 2,2026-07-11,Tracy Cortez,Wang Cong,simulation,,,method,Win by KO/TKO,ko_tko,,0.3736360221660203
63c8f62f5efd,UFC 329: McGregor vs. Holloway 2,2026-07-11,Tracy Cortez,Wang Cong,simulation,,,method,Win by Submission,submission,,0.10092044797324401
63c8f62f5efd,UFC 329: McGregor vs. Holloway 2,2026-07-11,Tracy Cortez,Wang Cong,simulation,,,method,Win by Decision,decision,,0.5254435298607356
63c8f62f5efd,UFC 329: McGregor vs. Holloway 2,2026-07-11,Tracy Cortez,Wang Cong,simulation,,,total_rounds,Under 1.5 rounds,under,1.5,0.27662375983370696
63c8f62f5efd,UFC 329: McGregor vs. Holloway 2,2026-07-11,Tracy Cortez,Wang Cong,simulation,,,total_rounds,Over 1.5 rounds,over,1.5,0.7233762401662931
63c8f62f5efd,UFC 329: McGregor vs. Holloway 2,2026-07-11,Tracy Cortez,Wang Cong,simulation,,,total_rounds,Under 2.5 rounds,under,2.5,0.40655705996329994
63c8f62f5efd,UFC 329: McGregor vs. Holloway 2,2026-07-11,Tracy Cortez,Wang Cong,simulation,,,total_rounds,Over 2.5 rounds,over,2.5,0.5934429400367001
ea6da5068461,UFC 329: McGregor vs. Holloway 2,2026-07-11,Damian Pinas,Cesar Almeida,simulation,,,moneyline,Damian Pinas win,red,,0.7602185628486521
ea6da5068461,UFC 329: McGregor vs. Holloway 2,2026-07-11,Damian Pinas,Cesar Almeida,simulation,,,moneyline,Cesar Almeida win,blue,,0.23978143715134792
ea6da5068461,UFC 329: McGregor vs. Holloway 2,2026-07-11,Damian Pinas,Cesar Almeida,simulation,,,inside_distance,Fight ends inside distance,yes,,0.4811546650693057
ea6da5068461,UFC 329: McGregor vs. Holloway 2,2026-07-11,Damian Pinas,Cesar Almeida,simulation,,,inside_distance,Fight goes to decision,no,,0.5188453349306943
ea6da5068461,UFC 329: McGregor vs. Holloway 2,2026-07-11,Damian Pinas,Cesar Almeida,simulation,,,method,Win by KO/TKO,ko_tko,,0.3278322485966478
ea6da5068461,UFC 329: McGregor vs. Holloway 2,2026-07-11,Damian Pinas,Cesar Almeida,simulation,,,method,Win by Submission,submission,,0.1533224164726579
ea6da5068461,UFC 329: McGregor vs. Holloway 2,2026-07-11,Damian Pinas,Cesar Almeida,simulation,,,method,Win by Decision,decision,,0.5188453349306943
ea6da5068461,UFC 329: McGregor vs. Holloway 2,2026-07-11,Damian Pinas,Cesar Almeida,simulation,,,total_rounds,Under 1.5 rounds,under,1.5,0.2869941572953933
ea6da5068461,UFC 329: McGregor vs. Holloway 2,2026-07-11,Damian Pinas,Cesar Almeida,simulation,,,total_rounds,Over 1.5 rounds,over,1.5,0.7130058427046067
ea6da5068461,UFC 329: McGregor vs. Holloway 2,2026-07-11,Damian Pinas,Cesar Almeida,simulation,,,total_rounds,Under 2.5 rounds,under,2.5,0.41204290987114867
ea6da5068461,UFC 329: McGregor vs. Holloway 2,2026-07-11,Damian Pinas,Cesar Almeida,simulation,,,total_rounds,Over 2.5 rounds,over,2.5,0.5879570901288513
3e8eb55043a6,UFC 329: McGregor vs. Holloway 2,2026-07-11,Farid Basharat,Ethyn Ewing,simulation,,,moneyline,Farid Basharat win,red,,0.8794095886665452
3e8eb55043a6,UFC 329: McGregor vs. Holloway 2,2026-07-11,Farid Basharat,Ethyn Ewing,simulation,,,moneyline,Ethyn Ewing win,blue,,0.12059041133345483
3e8eb55043a6,UFC 329: McGregor vs. Holloway 2,2026-07-11,Farid Basharat,Ethyn Ewing,simulation,,,inside_distance,Fight ends inside distance,yes,,0.3678531767352866
3e8eb55043a6,UFC 329: McGregor vs. Holloway 2,2026-07-11,Farid Basharat,Ethyn Ewing,simulation,,,inside_distance,Fight goes to decision,no,,0.6321468232647134
3e8eb55043a6,UFC 329: McGregor vs. Holloway 2,2026-07-11,Farid Basharat,Ethyn Ewing,simulation,,,method,Win by KO/TKO,ko_tko,,0.25976536873381323
3e8eb55043a6,UFC 329: McGregor vs. Holloway 2,2026-07-11,Farid Basharat,Ethyn Ewing,simulation,,,method,Win by Submission,submission,,0.1080878080014734
3e8eb55043a6,UFC 329: McGregor vs. Holloway 2,2026-07-11,Farid Basharat,Ethyn Ewing,simulation,,,method,Win by Decision,decision,,0.6321468232647134
3e8eb55043a6,UFC 329: McGregor vs. Holloway 2,2026-07-11,Farid Basharat,Ethyn Ewing,simulation,,,total_rounds,Under 1.5 rounds,under,1.5,0.22067021203494042
3e8eb55043a6,UFC 329: McGregor vs. Holloway 2,2026-07-11,Farid Basharat,Ethyn Ewing,simulation,,,total_rounds,Over 1.5 rounds,over,1.5,0.7793297879650596
3e8eb55043a6,UFC 329: McGregor vs. Holloway 2,2026-07-11,Farid Basharat,Ethyn Ewing,simulation,,,total_rounds,Under 2.5 rounds,under,2.5,0.3157733505145561
3e8eb55043a6,UFC 329: McGregor vs. Holloway 2,2026-07-11,Farid Basharat,Ethyn Ewing,simulation,,,total_rounds,Over 2.5 rounds,over,2.5,0.6842266494854439
72973500fca2,UFC 329: McGregor vs. Holloway 2,2026-07-11,Ryan Gandra,Zach Reese,simulation,,,moneyline,Ryan Gandra win,red,,0.5399524353623891
72973500fca2,UFC 329: McGregor vs. Holloway 2,2026-07-11,Ryan Gandra,Zach Reese,simulation,,,moneyline,Zach Reese win,blue,,0.4600475646376109
72973500fca2,UFC 329: McGregor vs. Holloway 2,2026-07-11,Ryan Gandra,Zach Reese,simulation,,,inside_distance,Fight ends inside distance,yes,,0.6089046633059385
72973500fca2,UFC 329: McGregor vs. Holloway 2,2026-07-11,Ryan Gandra,Zach Reese,simulation,,,inside_distance,Fight goes to decision,no,,0.3910953366940615
72973500fca2,UFC 329: McGregor vs. Holloway 2,2026-07-11,Ryan Gandra,Zach Reese,simulation,,,method,Win by KO/TKO,ko_tko,,0.430791607102408
72973500fca2,UFC 329: McGregor vs. Holloway 2,2026-07-11,Ryan Gandra,Zach Reese,simulation,,,method,Win by Submission,submission,,0.17811305620353057
72973500fca2,UFC 329: McGregor vs. Holloway 2,2026-07-11,Ryan Gandra,Zach Reese,simulation,,,method,Win by Decision,decision,,0.3910953366940615
72973500fca2,UFC 329: McGregor vs. Holloway 2,2026-07-11,Ryan Gandra,Zach Reese,simulation,,,total_rounds,Under 1.5 rounds,under,1.5,0.5497982462365869
72973500fca2,UFC 329: McGregor vs. Holloway 2,2026-07-11,Ryan Gandra,Zach Reese,simulation,,,total_rounds,Over 1.5 rounds,over,1.5,0.4502017537634131
72973500fca2,UFC 329: McGregor vs. Holloway 2,2026-07-11,Ryan Gandra,Zach Reese,simulation,,,total_rounds,Under 2.5 rounds,under,2.5,0.6119961279721761
72973500fca2,UFC 329: McGregor vs. Holloway 2,2026-07-11,Ryan Gandra,Zach Reese,simulation,,,total_rounds,Over 2.5 rounds,over,2.5,0.38800387202782394
7876dd12e775,UFC 329: McGregor vs. Holloway 2,2026-07-11,Ode Osbourne,Cody Durden,simulation,,,moneyline,Ode Osbourne win,red,,0.6058489352679325
7876dd12e775,UFC 329: McGregor vs. Holloway 2,2026-07-11,Ode Osbourne,Cody Durden,simulation,,,moneyline,Cody Durden win,blue,,0.3941510647320675
7876dd12e775,UFC 329: McGregor vs. Holloway 2,2026-07-11,Ode Osbourne,Cody Durden,simulation,,,inside_distance,Fight ends inside distance,yes,,0.3431417599329043
7876dd12e775,UFC 329: McGregor vs. Holloway 2,2026-07-11,Ode Osbourne,Cody Durden,simulation,,,inside_distance,Fight goes to decision,no,,0.6568582400670957
7876dd12e775,UFC 329: McGregor vs. Holloway 2,2026-07-11,Ode Osbourne,Cody Durden,simulation,,,method,Win by KO/TKO,ko_tko,,0.2348835920721072
7876dd12e775,UFC 329: McGregor vs. Holloway 2,2026-07-11,Ode Osbourne,Cody Durden,simulation,,,method,Win by Submission,submission,,0.10825816786079709
7876dd12e775,UFC 329: McGregor vs. Holloway 2,2026-07-11,Ode Osbourne,Cody Durden,simulation,,,method,Win by Decision,decision,,0.6568582400670957
7876dd12e775,UFC 329: McGregor vs. Holloway 2,2026-07-11,Ode Osbourne,Cody Durden,simulation,,,total_rounds,Under 1.5 rounds,under,1.5,0.17337279798676244
7876dd12e775,UFC 329: McGregor vs. Holloway 2,2026-07-11,Ode Osbourne,Cody Durden,simulation,,,total_rounds,Over 1.5 rounds,over,1.5,0.8266272020132376
7876dd12e775,UFC 329: McGregor vs. Holloway 2,2026-07-11,Ode Osbourne,Cody Durden,simulation,,,total_rounds,Under 2.5 rounds,under,2.5,0.3273208409274842
7876dd12e775,UFC 329: McGregor vs. Holloway 2,2026-07-11,Ode Osbourne,Cody Durden,simulation,,,total_rounds,Over 2.5 rounds,over,2.5,0.6726791590725159
